Grozinger 2003,Thompson 2006,Grozinger 2007,Thompson 2008,Oxley 2008,Linksvayer 2009,Cardoen 2011,Cardoen 2012,Wang 2012,Nui 2014,Galbraith 2016 ,Camiletti 2016 ,Mullen 2014,Koywiwattrakul 2005,Thompson 2007,Brito 2010,Formesyn 2014,Ronai 2016 ,Duncan 2016,Sobotka 2016
GB53086,GB55210,GB53862,GB44367,GB50154,GB52446,GB54283,GB49544,GB47385,GB46832,GB40286,GB40730,GB48028,GB50226,GB49994,GB49544,GB54477,GB48961,GB49149,GB42142
GB49320,GB55213,GB55039,GB45615,GB50151,GB45120,GB44654,,,GB52995,GB42284,GB42647,GB44031,GB49544,GB47385,,,GB49154,,GB17617
GB47385,GB55204,GB51278,GB49544,GB50001,GB45040,GB47215,,,GB54460,GB46084,,GB42706,,GB55324,,,,,
GB45215,GB51793,GB41821,GB52317,GB50159,GB45005,GB55877,,,GB43269,GB44989,,GB43660,,GB48994,,,,,
GB54929,GB40626,GB44841,GB52308,GB50155,GB45175,GB40629,,,GB52402,GB50882,,GB54774,,GB55205,,,,,
GB51031,GB55208,GB55378,,,,GB46436,,,GB16006,GB45182,,GB40648,,GB55208,,,,,
GB41801,GB55206,GB43054,,,,GB49726,,,GB42361,GB55450,,GB44032,,GB40102,,,,,
GB55074,GB52999,GB40670,,,,GB46878,,,GB52373,GB44717,,GB55033,,GB50226,,,,,
GB55891,GB47747,GB54634,,,,GB49541,,,GB44895,GB41428,,GB47057,,GB55209,,,,,
GB49589,GB42053,GB44798,,,,GB43114,,,GB47952,GB54397,,GB47039,,,,,,,
GB43828,GB54053,GB53989,,,,GB48709,,,GB49914,GB47943,,GB49105,,,,,,,
GB53589,GB49994,GB54151,,,,GB44697,,,GB50565,GB51173,,GB42000,,,,,,,
GB46475,GB50136,GB41917,,,,GB48009,,,GB40186,GB53264,,GB44311,,,,,,,
GB53948,GB40240,GB47977,,,,GB40750,,,GB40186,GB55449,,GB44773,,,,,,,
GB48113,GB53421,GB40770,,,,GB49160,,,GB54517,GB44975,,GB47431,,,,,,,
GB49160,GB48017,GB40283,,,,GB40577,,,GB52399,GB49501,,GB40113,,,,,,,
GB45667,GB48961,GB49801,,,,GB48602,,,GB54522,GB42182,,GB41672,,,,,,,
GB44435,GB55657,GB44791,,,,GB55843,,,GB50363,GB47484,,,,,,,,,
GB48111,GB55212,GB54355,,,,GB45736,,,GB45553,GB55171,,,,,,,,,
GB49598,GB48013,GB42054,,,,GB50245,,,GB51373,GB52832,,,,,,,,,
GB45698,GB55209,GB45617,,,,GB52331,,,GB44043,GB55201,,,,,,,,,
GB48248,GB54054,GB50415,,,,GB49166,,,GB51200,GB54969,,,,,,,,,
GB47280,GB54055,GB53798,,,,GB50433,,,GB48178,GB42737,,,,,,,,,
GB54832,GB55658,GB52465,,,,GB50742,,,GB44470,GB52841,,,,,,,,,
GB40889,,GB55646,,,,GB46466,,,GB51086,GB52831,,,,,,,,,
GB40931,,GB51257,,,,GB40889,,,GB52689,GB54808,,,,,,,,,
GB44300,,GB50236,,,,GB40341,,,GB43991,GB47483,,,,,,,,,
GB46767,,GB53340,,,,GB49324,,,GB45584,GB47486,,,,,,,,,
GB45235,,GB49124,,,,GB54377,,,GB42851,GB54424,,,,,,,,,
GB40454,,GB53070,,,,GB48028,,,GB48574,GB54810,,,,,,,,,
GB41872,,GB40287,,,,GB51916,,,GB50906,GB43566,,,,,,,,,
GB40901,,GB46581,,,,GB42716,,,GB50546,GB47406,,,,,,,,,
GB50524,,GB47148,,,,GB42706,,,GB53641,GB44993,,,,,,,,,
GB53132,,GB47140,,,,GB46909,,,GB10446,GB48966,,,,,,,,,
GB49936,,GB54264,,,,GB42377,,,GB52671,GB45180,,,,,,,,,
GB50679,,GB52038,,,,GB53921,,,GB50062,GB55448,,,,,,,,,
GB53005,,GB54690,,,,GB55540,,,GB49479,GB52668,,,,,,,,,
GB50691,,GB41856,,,,GB41872,,,GB45861,GB43686,,,,,,,,,
GB54244,,GB45951,,,,GB50524,,,GB50842,GB53301,,,,,,,,,
GB43245,,GB49993,,,,GB48828,,,GB48464,GB48462,,,,,,,,,
GB41063,,GB53637,,,,GB51717,,,GB54001,GB40681,,,,,,,,,
GB44485,,GB53562,,,,GB50691,,,GB48336,GB48899,,,,,,,,,
GB54295,,GB51830,,,,GB54244,,,GB45845,GB46398,,,,,,,,,
GB40769,,GB46616,,,,GB50993,,,GB44936,GB41699,,,,,,,,,
GB43448,,GB40619,,,,GB40782,,,GB42287,GB42799,,,,,,,,,
GB52925,,GB44844,,,,GB45105,,,GB50398,GB45601,,,,,,,,,
GB43706,,GB48937,,,,GB40871,,,GB48910,GB49913,,,,,,,,,
GB48951,,GB40838,,,,GB44796,,,GB49696,GB50888,,,,,,,,,
GB41549,,GB42064,,,,GB50753,,,GB42357,GB45745,,,,,,,,,
GB43304,,GB51195,,,,GB42874,,,GB55320,GB49867,,,,,,,,,
GB44000,,GB47768,,,,GB44997,,,GB54417,GB51475,,,,,,,,,
GB54341,,GB46211,,,,GB51727,,,GB53986,GB52533,,,,,,,,,
GB52458,,GB52090,,,,GB49538,,,GB48196,GB43867,,,,,,,,,
GB40150,,GB43035,,,,GB43304,,,GB47243,GB45190,,,,,,,,,
GB49155,,GB43643,,,,GB46509,,,GB14644,GB45178,,,,,,,,,
GB44439,,GB55618,,,,GB47820,,,GB41968,GB52320,,,,,,,,,
GB44842,,GB49906,,,,GB46183,,,GB54128,GB54962,,,,,,,,,
GB43138,,GB50048,,,,GB50347,,,GB47942,GB46762,,,,,,,,,
GB40565,,GB44726,,,,GB54958,,,GB49696,GB51781,,,,,,,,,
GB46360,,GB42038,,,,GB50995,,,GB51202,GB46515,,,,,,,,,
GB52090,,GB47841,,,,GB40806,,,GB55712,GB45830,,,,,,,,,
GB43118,,GB50344,,,,GB43138,,,GB49528,GB47019,,,,,,,,,
GB44581,,GB41891,,,,GB50103,,,GB49271,GB50058,,,,,,,,,
GB54862,,GB41593,,,,GB40565,,,GB40183,GB45137,,,,,,,,,
GB40360,,GB54996,,,,GB46360,,,GB53655,GB44944,,,,,,,,,
GB52916,,GB48840,,,,GB43660,,,GB54701,GB41172,,,,,,,,,
GB43305,,GB43180,,,,GB45666,,,GB52995,GB49909,,,,,,,,,
GB44836,,GB47904,,,,GB43873,,,GB42394,GB45241,,,,,,,,,
GB42233,,GB44482,,,,GB50255,,,GB46733,GB54847,,,,,,,,,
GB42224,,GB45377,,,,GB41250,,,GB53312,GB44986,,,,,,,,,
GB42858,,GB54508,,,,GB41865,,,GB50279,GB40047,,,,,,,,,
GB45036,,GB50800,,,,GB46616,,,GB46958,GB41445,,,,,,,,,
GB50822,,GB45157,,,,GB45036,,,,GB40699,,,,,,,,,
GB41968,,GB40422,,,,GB51059,,,,GB44977,,,,,,,,,
GB40911,,GB45062,,,,GB44791,,,,GB53803,,,,,,,,,
GB44259,,GB50142,,,,GB51615,,,,GB43732,,,,,,,,,
GB53394,,GB44422,,,,GB49969,,,,GB48763,,,,,,,,,
GB55016,,GB50927,,,,GB53401,,,,GB49071,,,,,,,,,
GB46233,,GB47928,,,,GB53394,,,,GB52294,,,,,,,,,
GB55003,,GB54496,,,,GB44881,,,,GB42435,,,,,,,,,
GB52768,,GB53062,,,,GB40308,,,,GB49029,,,,,,,,,
GB50944,,GB46067,,,,GB48776,,,,GB50363,,,,,,,,,
GB47329,,GB40134,,,,GB47829,,,,GB51172,,,,,,,,,
GB53174,,GB47799,,,,GB42138,,,,GB50151,,,,,,,,,
GB40977,,GB51995,,,,GB44083,,,,GB48664,,,,,,,,,
GB44083,,GB46031,,,,GB41821,,,,GB43370,,,,,,,,,
GB55348,,GB46330,,,,GB48229,,,,GB40966,,,,,,,,,
GB41821,,GB42063,,,,GB44898,,,,GB51085,,,,,,,,,
GB55567,,GB44046,,,,GB45399,,,,GB53255,,,,,,,,,
GB43295,,GB49093,,,,GB50074,,,,GB48544,,,,,,,,,
GB54774,,GB54127,,,,GB40908,,,,GB43549,,,,,,,,,
GB40648,,GB47079,,,,GB53350,,,,GB52457,,,,,,,,,
GB45399,,GB45458,,,,GB41688,,,,GB43693,,,,,,,,,
GB55364,,GB55227,,,,GB45044,,,,GB42460,,,,,,,,,
GB43004,,GB47106,,,,GB55009,,,,GB49892,,,,,,,,,
GB40306,,GB41719,,,,GB40700,,,,GB51887,,,,,,,,,
GB47779,,GB50179,,,,GB48670,,,,GB52279,,,,,,,,,
GB48684,,GB49567,,,,GB52164,,,,GB40292,,,,,,,,,
GB47599,,GB45101,,,,GB48671,,,,GB46758,,,,,,,,,
GB40908,,GB53341,,,,GB40794,,,,GB49401,,,,,,,,,
GB44208,,GB43222,,,,GB44371,,,,GB46278,,,,,,,,,
GB41700,,GB43403,,,,GB41725,,,,GB47485,,,,,,,,,
GB53208,,GB43293,,,,GB40598,,,,GB46303,,,,,,,,,
GB41725,,GB51372,,,,GB44718,,,,GB50501,,,,,,,,,
GB47372,,GB42007,,,,GB46362,,,,GB42595,,,,,,,,,
GB48632,,GB48451,,,,GB50370,,,,GB46064,,,,,,,,,
GB40523,,GB41629,,,,GB52472,,,,GB46416,,,,,,,,,
GB55730,,GB50102,,,,GB47260,,,,GB47768,,,,,,,,,
GB47425,,GB53438,,,,GB42921,,,,GB50678,,,,,,,,,
GB44523,,GB49535,,,,GB52047,,,,GB46757,,,,,,,,,
GB45223,,GB53034,,,,GB46371,,,,GB55629,,,,,,,,,
GB53778,,GB42210,,,,GB47052,,,,GB54204,,,,,,,,,
GB51748,,GB43504,,,,GB42866,,,,GB52507,,,,,,,,,
GB46371,,GB49498,,,,GB49539,,,,GB48760,,,,,,,,,
GB50998,,GB41246,,,,GB49927,,,,GB40823,,,,,,,,,
GB52600,,GB50402,,,,GB41046,,,,GB42258,,,,,,,,,
GB41886,,GB42246,,,,GB44610,,,,GB53769,,,,,,,,,
GB42866,,GB40523,,,,GB52746,,,,GB50668,,,,,,,,,
GB44606,,GB40689,,,,GB51749,,,,GB47407,,,,,,,,,
GB49927,,GB51276,,,,GB43150,,,,GB46850,,,,,,,,,
GB51749,,GB40303,,,,GB48465,,,,GB45674,,,,,,,,,
GB44769,,GB54419,,,,GB52852,,,,GB43705,,,,,,,,,
GB47007,,GB55751,,,,GB54288,,,,GB40295,,,,,,,,,
GB44020,,GB49152,,,,GB44291,,,,GB47476,,,,,,,,,
GB45101,,GB51356,,,,GB53315,,,,GB55510,,,,,,,,,
GB42249,,GB40773,,,,GB43158,,,,GB40376,,,,,,,,,
GB49265,,GB49356,,,,GB47602,,,,GB41042,,,,,,,,,
GB40108,,GB40128,,,,GB40108,,,,GB47909,,,,,,,,,
GB40503,,GB49977,,,,GB50322,,,,GB50798,,,,,,,,,
GB48999,,GB40373,,,,GB43953,,,,GB46251,,,,,,,,,
GB51110,,GB45518,,,,GB55650,,,,GB51349,,,,,,,,,
GB50857,,GB43416,,,,GB43618,,,,GB47023,,,,,,,,,
GB40845,,GB55704,,,,GB40145,,,,GB43556,,,,,,,,,
GB43618,,GB43191,,,,GB51014,,,,GB41422,,,,,,,,,
GB47828,,GB53287,,,,GB43716,,,,GB43809,,,,,,,,,
GB51014,,GB14361,,,,GB44180,,,,GB49547,,,,,,,,,
GB43716,,GB49979,,,,GB52239,,,,GB52924,,,,,,,,,
GB42780,,,,,,GB41522,,,,GB49569,,,,,,,,,
GB53139,,,,,,GB55837,,,,GB43779,,,,,,,,,
GB41516,,,,,,GB45051,,,,GB50500,,,,,,,,,
GB53012,,,,,,GB45388,,,,GB45096,,,,,,,,,
GB48121,,,,,,GB42564,,,,GB41700,,,,,,,,,
GB55395,,,,,,GB41753,,,,GB40294,,,,,,,,,
GB53013,,,,,,GB55102,,,,GB49758,,,,,,,,,
GB55020,,,,,,GB54886,,,,GB51311,,,,,,,,,
GB52687,,,,,,GB50890,,,,GB49891,,,,,,,,,
GB52628,,,,,,GB54935,,,,GB42877,,,,,,,,,
GB53318,,,,,,GB48102,,,,GB55021,,,,,,,,,
GB40615,,,,,,GB42482,,,,GB50881,,,,,,,,,
GB52239,,,,,,GB41064,,,,GB42826,,,,,,,,,
GB51133,,,,,,GB41344,,,,GB43683,,,,,,,,,
GB41803,,,,,,GB44158,,,,GB54293,,,,,,,,,
GB45051,,,,,,GB45972,,,,GB45229,,,,,,,,,
GB55033,,,,,,GB41900,,,,GB48764,,,,,,,,,
GB54378,,,,,,GB49129,,,,GB53155,,,,,,,,,
GB48748,,,,,,GB52773,,,,GB45015,,,,,,,,,
GB53220,,,,,,GB47508,,,,GB52549,,,,,,,,,
GB45216,,,,,,GB47847,,,,GB49998,,,,,,,,,
GB48162,,,,,,GB42376,,,,GB49919,,,,,,,,,
GB40434,,,,,,GB53015,,,,GB42306,,,,,,,,,
GB48102,,,,,,GB53791,,,,GB45129,,,,,,,,,
GB40765,,,,,,GB41659,,,,GB52162,,,,,,,,,
GB41602,,,,,,GB42452,,,,GB54353,,,,,,,,,
GB45972,,,,,,GB54748,,,,GB50799,,,,,,,,,
GB49129,,,,,,GB46332,,,,GB52243,,,,,,,,,
GB52028,,,,,,GB56003,,,,GB50791,,,,,,,,,
GB55165,,,,,,GB54724,,,,GB50166,,,,,,,,,
GB53493,,,,,,GB48154,,,,GB50089,,,,,,,,,
GB44129,,,,,,GB42054,,,,GB43287,,,,,,,,,
GB42894,,,,,,GB51843,,,,GB47488,,,,,,,,,
GB44886,,,,,,GB47105,,,,GB51027,,,,,,,,,
GB53015,,,,,,GB47928,,,,GB51235,,,,,,,,,
GB50257,,,,,,GB49046,,,,GB55712,,,,,,,,,
GB41659,,,,,,GB44144,,,,GB46474,,,,,,,,,
GB48154,,,,,,GB46914,,,,GB52959,,,,,,,,,
GB44362,,,,,,GB40564,,,,GB46559,,,,,,,,,
GB52743,,,,,,GB55012,,,,GB52453,,,,,,,,,
GB48589,,,,,,GB47039,,,,GB46441,,,,,,,,,
GB53043,,,,,,GB47810,,,,GB45194,,,,,,,,,
GB48005,,,,,,GB40626,,,,GB45679,,,,,,,,,
GB48446,,,,,,GB55274,,,,GB42037,,,,,,,,,
GB51646,,,,,,GB50942,,,,GB47347,,,,,,,,,
GB47224,,,,,,GB49105,,,,GB40828,,,,,,,,,
GB55012,,,,,,GB51904,,,,GB53370,,,,,,,,,
GB47617,,,,,,GB50415,,,,GB52194,,,,,,,,,
GB53790,,,,,,GB47139,,,,GB45275,,,,,,,,,
GB40626,,,,,,GB41523,,,,GB51813,,,,,,,,,
GB50942,,,,,,GB47138,,,,GB52319,,,,,,,,,
GB48811,,,,,,GB44330,,,,GB41949,,,,,,,,,
GB47996,,,,,,GB42142,,,,GB55825,,,,,,,,,
GB40057,,,,,,GB40118,,,,GB44314,,,,,,,,,
GB50415,,,,,,GB55600,,,,GB45077,,,,,,,,,
GB47139,,,,,,GB42644,,,,GB51915,,,,,,,,,
GB44330,,,,,,GB47940,,,,GB49572,,,,,,,,,
GB50159,,,,,,GB43778,,,,GB52657,,,,,,,,,
GB42000,,,,,,GB43544,,,,GB44442,,,,,,,,,
GB46145,,,,,,GB44311,,,,GB40567,,,,,,,,,
GB44648,,,,,,GB51278,,,,GB44171,,,,,,,,,
GB54092,,,,,,GB44679,,,,GB42837,,,,,,,,,
GB44311,,,,,,GB49239,,,,GB44248,,,,,,,,,
GB43234,,,,,,GB44014,,,,GB50767,,,,,,,,,
GB43713,,,,,,GB55583,,,,GB44405,,,,,,,,,
GB51278,,,,,,GB52058,,,,GB44863,,,,,,,,,
GB44679,,,,,,GB53388,,,,GB46376,,,,,,,,,
GB49239,,,,,,GB44222,,,,GB45985,,,,,,,,,
GB44532,,,,,,GB42274,,,,GB55319,,,,,,,,,
GB43814,,,,,,GB44559,,,,GB48791,,,,,,,,,
GB48829,,,,,,GB48264,,,,GB44971,,,,,,,,,
GB46513,,,,,,GB42190,,,,GB47507,,,,,,,,,
GB43054,,,,,,GB48452,,,,GB46629,,,,,,,,,
GB42516,,,,,,GB44540,,,,GB48719,,,,,,,,,
GB44870,,,,,,GB52343,,,,GB43162,,,,,,,,,
GB54381,,,,,,GB54574,,,,GB46849,,,,,,,,,
GB44773,,,,,,GB40225,,,,GB46448,,,,,,,,,
GB42835,,,,,,GB51380,,,,GB55630,,,,,,,,,
GB43820,,,,,,GB52710,,,,GB53108,,,,,,,,,
GB47543,,,,,,GB53250,,,,GB46932,,,,,,,,,
GB55247,,,,,,GB44053,,,,GB49168,,,,,,,,,
GB41907,,,,,,GB44120,,,,GB47966,,,,,,,,,
GB55130,,,,,,GB47431,,,,GB47309,,,,,,,,,
GB54040,,,,,,GB42178,,,,GB50065,,,,,,,,,
GB49315,,,,,,GB49315,,,,GB47460,,,,,,,,,
GB44189,,,,,,GB54432,,,,GB45938,,,,,,,,,
GB41045,,,,,,GB54510,,,,GB40362,,,,,,,,,
GB50189,,,,,,GB41908,,,,GB50801,,,,,,,,,
GB52469,,,,,,GB43712,,,,GB45195,,,,,,,,,
GB51504,,,,,,GB45040,,,,GB42872,,,,,,,,,
GB41908,,,,,,GB55584,,,,GB49901,,,,,,,,,
GB54170,,,,,,GB49026,,,,GB43922,,,,,,,,,
GB55969,,,,,,GB53044,,,,GB51032,,,,,,,,,
GB43712,,,,,,GB43200,,,,GB50367,,,,,,,,,
GB53030,,,,,,GB41855,,,,GB50007,,,,,,,,,
GB49026,,,,,,GB42584,,,,GB47482,,,,,,,,,
GB42847,,,,,,GB53611,,,,GB51301,,,,,,,,,
GB48755,,,,,,GB42382,,,,GB52218,,,,,,,,,
GB40980,,,,,,GB50847,,,,GB50742,,,,,,,,,
GB54649,,,,,,GB46652,,,,GB51685,,,,,,,,,
GB55434,,,,,,GB52655,,,,GB53324,,,,,,,,,
GB45688,,,,,,GB45688,,,,GB42466,,,,,,,,,
GB41672,,,,,,GB41672,,,,GB49499,,,,,,,,,
GB52918,,,,,,GB42720,,,,GB47408,,,,,,,,,
GB47313,,,,,,GB44317,,,,GB50613,,,,,,,,,
GB41980,,,,,,GB42479,,,,GB44973,,,,,,,,,
GB49425,,,,,,GB42037,,,,GB48463,,,,,,,,,
GB53333,,,,,,GB44653,,,,GB54869,,,,,,,,,
GB50690,,,,,,GB54956,,,,GB45473,,,,,,,,,
GB54956,,,,,,GB50622,,,,GB40848,,,,,,,,,
GB51866,,,,,,,,,,GB43292,,,,,,,,,
GB50622,,,,,,,,,,GB44970,,,,,,,,,
GB50183,,,,,,,,,,GB55108,,,,,,,,,
,,,,,,,,,,GB50551,,,,,,,,,
,,,,,,,,,,GB41610,,,,,,,,,
,,,,,,,,,,GB47711,,,,,,,,,
,,,,,,,,,,GB53966,,,,,,,,,
,,,,,,,,,,GB54541,,,,,,,,,
,,,,,,,,,,GB50473,,,,,,,,,
,,,,,,,,,,GB43487,,,,,,,,,
,,,,,,,,,,GB45270,,,,,,,,,
,,,,,,,,,,GB40549,,,,,,,,,
,,,,,,,,,,GB46275,,,,,,,,,
,,,,,,,,,,GB43496,,,,,,,,,
,,,,,,,,,,GB55713,,,,,,,,,
,,,,,,,,,,GB46374,,,,,,,,,
,,,,,,,,,,GB44765,,,,,,,,,
,,,,,,,,,,GB50405,,,,,,,,,
,,,,,,,,,,GB48898,,,,,,,,,
,,,,,,,,,,GB53231,,,,,,,,,
,,,,,,,,,,GB45192,,,,,,,,,
,,,,,,,,,,GB45085,,,,,,,,,
,,,,,,,,,,GB40408,,,,,,,,,
,,,,,,,,,,GB44317,,,,,,,,,
,,,,,,,,,,GB51126,,,,,,,,,
,,,,,,,,,,GB49972,,,,,,,,,
,,,,,,,,,,GB47731,,,,,,,,,
,,,,,,,,,,GB42170,,,,,,,,,
,,,,,,,,,,GB41432,,,,,,,,,
,,,,,,,,,,GB54699,,,,,,,,,
,,,,,,,,,,GB47429,,,,,,,,,
,,,,,,,,,,GB40656,,,,,,,,,
,,,,,,,,,,GB41120,,,,,,,,,
,,,,,,,,,,GB48328,,,,,,,,,
,,,,,,,,,,GB41060,,,,,,,,,
,,,,,,,,,,GB51695,,,,,,,,,
,,,,,,,,,,GB50816,,,,,,,,,
,,,,,,,,,,GB40550,,,,,,,,,
,,,,,,,,,,GB42717,,,,,,,,,
,,,,,,,,,,GB46038,,,,,,,,,
,,,,,,,,,,GB44456,,,,,,,,,
,,,,,,,,,,GB54963,,,,,,,,,
,,,,,,,,,,GB42179,,,,,,,,,
,,,,,,,,,,GB47183,,,,,,,,,
,,,,,,,,,,GB48721,,,,,,,,,
,,,,,,,,,,GB44674,,,,,,,,,
,,,,,,,,,,GB55608,,,,,,,,,
,,,,,,,,,,GB50255,,,,,,,,,
,,,,,,,,,,GB43816,,,,,,,,,
,,,,,,,,,,GB53183,,,,,,,,,
,,,,,,,,,,GB43684,,,,,,,,,
,,,,,,,,,,GB50901,,,,,,,,,
,,,,,,,,,,GB50800,,,,,,,,,
,,,,,,,,,,GB50174,,,,,,,,,
,,,,,,,,,,GB42030,,,,,,,,,
,,,,,,,,,,GB43355,,,,,,,,,
,,,,,,,,,,GB47067,,,,,,,,,
,,,,,,,,,,GB43722,,,,,,,,,
,,,,,,,,,,GB42348,,,,,,,,,
,,,,,,,,,,GB49069,,,,,,,,,
,,,,,,,,,,GB49843,,,,,,,,,
,,,,,,,,,,GB50200,,,,,,,,,
,,,,,,,,,,GB44716,,,,,,,,,
,,,,,,,,,,GB55315,,,,,,,,,
,,,,,,,,,,GB41974,,,,,,,,,
,,,,,,,,,,GB45269,,,,,,,,,
,,,,,,,,,,GB52285,,,,,,,,,
,,,,,,,,,,GB54130,,,,,,,,,
,,,,,,,,,,GB40494,,,,,,,,,
,,,,,,,,,,GB51164,,,,,,,,,
,,,,,,,,,,GB48716,,,,,,,,,
,,,,,,,,,,GB52087,,,,,,,,,
,,,,,,,,,,GB45500,,,,,,,,,
,,,,,,,,,,GB49708,,,,,,,,,
,,,,,,,,,,GB45197,,,,,,,,,
,,,,,,,,,,GB47269,,,,,,,,,
,,,,,,,,,,GB53892,,,,,,,,,
,,,,,,,,,,GB48919,,,,,,,,,
,,,,,,,,,,GB49395,,,,,,,,,
,,,,,,,,,,GB49259,,,,,,,,,
,,,,,,,,,,GB49854,,,,,,,,,
,,,,,,,,,,GB42586,,,,,,,,,
,,,,,,,,,,GB52637,,,,,,,,,
,,,,,,,,,,GB54422,,,,,,,,,
,,,,,,,,,,GB53223,,,,,,,,,
,,,,,,,,,,GB48196,,,,,,,,,
,,,,,,,,,,GB46752,,,,,,,,,
,,,,,,,,,,GB43013,,,,,,,,,
,,,,,,,,,,GB46718,,,,,,,,,
,,,,,,,,,,GB42219,,,,,,,,,
,,,,,,,,,,GB43762,,,,,,,,,
,,,,,,,,,,GB46147,,,,,,,,,
,,,,,,,,,,GB45315,,,,,,,,,
,,,,,,,,,,GB50986,,,,,,,,,
,,,,,,,,,,GB45004,,,,,,,,,
,,,,,,,,,,GB51269,,,,,,,,,
,,,,,,,,,,GB42531,,,,,,,,,
,,,,,,,,,,GB44822,,,,,,,,,
,,,,,,,,,,GB53930,,,,,,,,,
,,,,,,,,,,GB40697,,,,,,,,,
,,,,,,,,,,GB46371,,,,,,,,,
,,,,,,,,,,GB41437,,,,,,,,,
,,,,,,,,,,GB41510,,,,,,,,,
,,,,,,,,,,GB43535,,,,,,,,,
,,,,,,,,,,GB53179,,,,,,,,,
,,,,,,,,,,GB46252,,,,,,,,,
,,,,,,,,,,GB46259,,,,,,,,,
,,,,,,,,,,GB44578,,,,,,,,,
,,,,,,,,,,GB56008,,,,,,,,,
,,,,,,,,,,GB51885,,,,,,,,,
,,,,,,,,,,GB45395,,,,,,,,,
,,,,,,,,,,GB51899,,,,,,,,,
,,,,,,,,,,GB46637,,,,,,,,,
,,,,,,,,,,GB46673,,,,,,,,,
,,,,,,,,,,GB49130,,,,,,,,,
,,,,,,,,,,GB45520,,,,,,,,,
,,,,,,,,,,GB50987,,,,,,,,,
,,,,,,,,,,GB44760,,,,,,,,,
,,,,,,,,,,GB50349,,,,,,,,,
,,,,,,,,,,GB46257,,,,,,,,,
,,,,,,,,,,GB49058,,,,,,,,,
,,,,,,,,,,GB51022,,,,,,,,,
,,,,,,,,,,GB42090,,,,,,,,,
,,,,,,,,,,GB45106,,,,,,,,,
,,,,,,,,,,GB48808,,,,,,,,,
,,,,,,,,,,GB44267,,,,,,,,,
,,,,,,,,,,GB40750,,,,,,,,,
,,,,,,,,,,GB46987,,,,,,,,,
,,,,,,,,,,GB52103,,,,,,,,,
,,,,,,,,,,GB45478,,,,,,,,,
,,,,,,,,,,GB45666,,,,,,,,,
,,,,,,,,,,GB51162,,,,,,,,,
,,,,,,,,,,GB43303,,,,,,,,,
,,,,,,,,,,GB47732,,,,,,,,,
,,,,,,,,,,GB53392,,,,,,,,,
,,,,,,,,,,GB48434,,,,,,,,,
,,,,,,,,,,GB40645,,,,,,,,,
,,,,,,,,,,GB51272,,,,,,,,,
,,,,,,,,,,GB42484,,,,,,,,,
,,,,,,,,,,GB54574,,,,,,,,,
,,,,,,,,,,GB49836,,,,,,,,,
,,,,,,,,,,GB42341,,,,,,,,,
,,,,,,,,,,GB49258,,,,,,,,,
,,,,,,,,,,GB54729,,,,,,,,,
,,,,,,,,,,GB43823,,,,,,,,,
,,,,,,,,,,GB42267,,,,,,,,,
,,,,,,,,,,GB55631,,,,,,,,,
,,,,,,,,,,GB52210,,,,,,,,,
,,,,,,,,,,GB51892,,,,,,,,,
,,,,,,,,,,GB53148,,,,,,,,,
,,,,,,,,,,GB47661,,,,,,,,,
,,,,,,,,,,GB53532,,,,,,,,,
,,,,,,,,,,GB51918,,,,,,,,,
,,,,,,,,,,GB48807,,,,,,,,,
,,,,,,,,,,GB42664,,,,,,,,,
,,,,,,,,,,GB46472,,,,,,,,,
,,,,,,,,,,GB45239,,,,,,,,,
,,,,,,,,,,GB43001,,,,,,,,,
,,,,,,,,,,GB54609,,,,,,,,,
,,,,,,,,,,GB55758,,,,,,,,,
,,,,,,,,,,GB40919,,,,,,,,,
,,,,,,,,,,GB52172,,,,,,,,,
,,,,,,,,,,GB45513,,,,,,,,,
,,,,,,,,,,GB53772,,,,,,,,,
,,,,,,,,,,GB40936,,,,,,,,,
,,,,,,,,,,GB42052,,,,,,,,,
,,,,,,,,,,GB53187,,,,,,,,,
,,,,,,,,,,GB47822,,,,,,,,,
,,,,,,,,,,GB40214,,,,,,,,,
,,,,,,,,,,GB42261,,,,,,,,,
,,,,,,,,,,GB53610,,,,,,,,,
,,,,,,,,,,GB51021,,,,,,,,,
,,,,,,,,,,GB45697,,,,,,,,,
,,,,,,,,,,GB46455,,,,,,,,,
,,,,,,,,,,GB54794,,,,,,,,,
,,,,,,,,,,GB44379,,,,,,,,,
,,,,,,,,,,GB43923,,,,,,,,,
,,,,,,,,,,GB41232,,,,,,,,,
,,,,,,,,,,GB47548,,,,,,,,,
,,,,,,,,,,GB49074,,,,,,,,,
,,,,,,,,,,GB45014,,,,,,,,,
,,,,,,,,,,GB42028,,,,,,,,,
,,,,,,,,,,GB45364,,,,,,,,,
,,,,,,,,,,GB53692,,,,,,,,,
,,,,,,,,,,GB48897,,,,,,,,,
,,,,,,,,,,GB55023,,,,,,,,,
,,,,,,,,,,GB50021,,,,,,,,,
,,,,,,,,,,GB47348,,,,,,,,,
,,,,,,,,,,GB47686,,,,,,,,,
,,,,,,,,,,GB52576,,,,,,,,,
,,,,,,,,,,GB43811,,,,,,,,,
,,,,,,,,,,GB54282,,,,,,,,,
,,,,,,,,,,GB49982,,,,,,,,,
,,,,,,,,,,GB54498,,,,,,,,,
,,,,,,,,,,GB43402,,,,,,,,,
,,,,,,,,,,GB50412,,,,,,,,,
,,,,,,,,,,GB54176,,,,,,,,,
,,,,,,,,,,GB44992,,,,,,,,,
,,,,,,,,,,GB52199,,,,,,,,,
,,,,,,,,,,GB50627,,,,,,,,,
,,,,,,,,,,GB51522,,,,,,,,,
,,,,,,,,,,GB55024,,,,,,,,,
,,,,,,,,,,GB50830,,,,,,,,,
,,,,,,,,,,GB50658,,,,,,,,,
,,,,,,,,,,GB41135,,,,,,,,,
,,,,,,,,,,GB50090,,,,,,,,,
,,,,,,,,,,GB49324,,,,,,,,,
,,,,,,,,,,GB50597,,,,,,,,,
,,,,,,,,,,GB51165,,,,,,,,,
,,,,,,,,,,GB50773,,,,,,,,,
,,,,,,,,,,GB44715,,,,,,,,,
,,,,,,,,,,GB47479,,,,,,,,,
,,,,,,,,,,GB42011,,,,,,,,,
,,,,,,,,,,GB49237,,,,,,,,,
,,,,,,,,,,GB45186,,,,,,,,,
,,,,,,,,,,GB45932,,,,,,,,,
,,,,,,,,,,GB48935,,,,,,,,,
,,,,,,,,,,GB44339,,,,,,,,,
,,,,,,,,,,GB51819,,,,,,,,,
,,,,,,,,,,GB42920,,,,,,,,,
,,,,,,,,,,GB41263,,,,,,,,,
,,,,,,,,,,GB52269,,,,,,,,,
,,,,,,,,,,GB46580,,,,,,,,,
,,,,,,,,,,GB42426,,,,,,,,,
,,,,,,,,,,GB49475,,,,,,,,,
,,,,,,,,,,GB42067,,,,,,,,,
,,,,,,,,,,GB54802,,,,,,,,,
,,,,,,,,,,GB43627,,,,,,,,,
,,,,,,,,,,GB46370,,,,,,,,,
,,,,,,,,,,GB52835,,,,,,,,,
,,,,,,,,,,GB41021,,,,,,,,,
,,,,,,,,,,GB53741,,,,,,,,,
,,,,,,,,,,GB48693,,,,,,,,,
,,,,,,,,,,GB51850,,,,,,,,,
,,,,,,,,,,GB46483,,,,,,,,,
,,,,,,,,,,GB53628,,,,,,,,,
,,,,,,,,,,GB48815,,,,,,,,,
,,,,,,,,,,GB42459,,,,,,,,,
,,,,,,,,,,GB49378,,,,,,,,,
,,,,,,,,,,GB54019,,,,,,,,,
,,,,,,,,,,GB50026,,,,,,,,,
,,,,,,,,,,GB53635,,,,,,,,,
,,,,,,,,,,GB51906,,,,,,,,,
,,,,,,,,,,GB44225,,,,,,,,,
,,,,,,,,,,GB51212,,,,,,,,,
,,,,,,,,,,GB47883,,,,,,,,,
,,,,,,,,,,GB52047,,,,,,,,,
,,,,,,,,,,GB51014,,,,,,,,,
,,,,,,,,,,GB45771,,,,,,,,,
,,,,,,,,,,GB45931,,,,,,,,,
,,,,,,,,,,GB51870,,,,,,,,,
,,,,,,,,,,GB45066,,,,,,,,,
,,,,,,,,,,GB52430,,,,,,,,,
,,,,,,,,,,GB44451,,,,,,,,,
,,,,,,,,,,GB40060,,,,,,,,,
,,,,,,,,,,GB50198,,,,,,,,,
,,,,,,,,,,GB55464,,,,,,,,,
,,,,,,,,,,GB49556,,,,,,,,,
,,,,,,,,,,GB46246,,,,,,,,,
,,,,,,,,,,GB52171,,,,,,,,,
,,,,,,,,,,GB49129,,,,,,,,,
,,,,,,,,,,GB44561,,,,,,,,,
,,,,,,,,,,GB45143,,,,,,,,,
,,,,,,,,,,GB50862,,,,,,,,,
,,,,,,,,,,GB53986,,,,,,,,,
,,,,,,,,,,GB41626,,,,,,,,,
,,,,,,,,,,GB50769,,,,,,,,,
,,,,,,,,,,GB46971,,,,,,,,,
,,,,,,,,,,GB40925,,,,,,,,,
,,,,,,,,,,GB49301,,,,,,,,,
,,,,,,,,,,GB47191,,,,,,,,,
,,,,,,,,,,GB45933,,,,,,,,,
,,,,,,,,,,GB52851,,,,,,,,,
,,,,,,,,,,GB49603,,,,,,,,,
,,,,,,,,,,GB45762,,,,,,,,,
,,,,,,,,,,GB49396,,,,,,,,,
,,,,,,,,,,GB51589,,,,,,,,,
,,,,,,,,,,GB47159,,,,,,,,,
,,,,,,,,,,GB43718,,,,,,,,,
,,,,,,,,,,GB53121,,,,,,,,,
,,,,,,,,,,GB54430,,,,,,,,,
,,,,,,,,,,GB55819,,,,,,,,,
,,,,,,,,,,GB41255,,,,,,,,,
,,,,,,,,,,GB43729,,,,,,,,,
,,,,,,,,,,GB47491,,,,,,,,,
,,,,,,,,,,GB40411,,,,,,,,,
,,,,,,,,,,GB49992,,,,,,,,,
,,,,,,,,,,GB42180,,,,,,,,,
,,,,,,,,,,GB49541,,,,,,,,,
,,,,,,,,,,GB44563,,,,,,,,,
,,,,,,,,,,GB47819,,,,,,,,,
,,,,,,,,,,GB50420,,,,,,,,,
,,,,,,,,,,GB52421,,,,,,,,,
,,,,,,,,,,GB52583,,,,,,,,,
,,,,,,,,,,GB52164,,,,,,,,,
,,,,,,,,,,GB49712,,,,,,,,,
,,,,,,,,,,GB55286,,,,,,,,,
,,,,,,,,,,GB47647,,,,,,,,,
,,,,,,,,,,GB54115,,,,,,,,,
,,,,,,,,,,GB54417,,,,,,,,,
,,,,,,,,,,GB45982,,,,,,,,,
,,,,,,,,,,GB46304,,,,,,,,,
,,,,,,,,,,GB48602,,,,,,,,,
,,,,,,,,,,GB54326,,,,,,,,,
,,,,,,,,,,GB42511,,,,,,,,,
,,,,,,,,,,GB43555,,,,,,,,,
,,,,,,,,,,GB50237,,,,,,,,,
,,,,,,,,,,GB54084,,,,,,,,,
,,,,,,,,,,GB41987,,,,,,,,,
,,,,,,,,,,GB47135,,,,,,,,,
,,,,,,,,,,GB48452,,,,,,,,,
,,,,,,,,,,GB45246,,,,,,,,,
,,,,,,,,,,GB43403,,,,,,,,,
,,,,,,,,,,GB46452,,,,,,,,,
,,,,,,,,,,GB55320,,,,,,,,,
,,,,,,,,,,GB43213,,,,,,,,,
,,,,,,,,,,GB42025,,,,,,,,,
,,,,,,,,,,GB41750,,,,,,,,,
,,,,,,,,,,GB48086,,,,,,,,,
,,,,,,,,,,GB41081,,,,,,,,,
,,,,,,,,,,GB48401,,,,,,,,,
,,,,,,,,,,GB51713,,,,,,,,,
,,,,,,,,,,GB52760,,,,,,,,,
,,,,,,,,,,GB52167,,,,,,,,,
,,,,,,,,,,GB40637,,,,,,,,,
,,,,,,,,,,GB45390,,,,,,,,,
,,,,,,,,,,GB53092,,,,,,,,,
,,,,,,,,,,GB41788,,,,,,,,,
,,,,,,,,,,GB48378,,,,,,,,,
,,,,,,,,,,GB55316,,,,,,,,,
,,,,,,,,,,GB48849,,,,,,,,,
,,,,,,,,,,GB52198,,,,,,,,,
,,,,,,,,,,GB47762,,,,,,,,,
,,,,,,,,,,GB53082,,,,,,,,,
,,,,,,,,,,GB52141,,,,,,,,,
,,,,,,,,,,GB40831,,,,,,,,,
,,,,,,,,,,GB48850,,,,,,,,,
,,,,,,,,,,GB43877,,,,,,,,,
,,,,,,,,,,GB40756,,,,,,,,,
,,,,,,,,,,GB44981,,,,,,,,,
,,,,,,,,,,GB42914,,,,,,,,,
,,,,,,,,,,GB45557,,,,,,,,,
,,,,,,,,,,GB55584,,,,,,,,,
,,,,,,,,,,GB44096,,,,,,,,,
,,,,,,,,,,GB42949,,,,,,,,,
,,,,,,,,,,GB49835,,,,,,,,,
,,,,,,,,,,GB41982,,,,,,,,,
,,,,,,,,,,GB50876,,,,,,,,,
,,,,,,,,,,GB47008,,,,,,,,,
,,,,,,,,,,GB42521,,,,,,,,,
,,,,,,,,,,GB50427,,,,,,,,,
,,,,,,,,,,GB46328,,,,,,,,,
,,,,,,,,,,GB54876,,,,,,,,,
,,,,,,,,,,GB47726,,,,,,,,,
,,,,,,,,,,GB40930,,,,,,,,,
,,,,,,,,,,GB47324,,,,,,,,,
,,,,,,,,,,GB40149,,,,,,,,,
,,,,,,,,,,GB44601,,,,,,,,,
,,,,,,,,,,GB47556,,,,,,,,,
,,,,,,,,,,GB51526,,,,,,,,,
,,,,,,,,,,GB56021,,,,,,,,,
,,,,,,,,,,GB45154,,,,,,,,,
,,,,,,,,,,GB41431,,,,,,,,,
,,,,,,,,,,GB54613,,,,,,,,,
,,,,,,,,,,GB48747,,,,,,,,,
,,,,,,,,,,GB46377,,,,,,,,,
,,,,,,,,,,GB54908,,,,,,,,,
,,,,,,,,,,GB46116,,,,,,,,,
,,,,,,,,,,GB50246,,,,,,,,,
,,,,,,,,,,GB44334,,,,,,,,,
,,,,,,,,,,GB49561,,,,,,,,,
,,,,,,,,,,GB53714,,,,,,,,,
,,,,,,,,,,GB48560,,,,,,,,,
,,,,,,,,,,GB45046,,,,,,,,,
,,,,,,,,,,GB46148,,,,,,,,,
,,,,,,,,,,GB53181,,,,,,,,,
,,,,,,,,,,GB47295,,,,,,,,,
,,,,,,,,,,GB44378,,,,,,,,,
,,,,,,,,,,GB42684,,,,,,,,,
,,,,,,,,,,GB54132,,,,,,,,,
,,,,,,,,,,GB52654,,,,,,,,,
,,,,,,,,,,GB51297,,,,,,,,,
,,,,,,,,,,GB47646,,,,,,,,,
,,,,,,,,,,GB40743,,,,,,,,,
,,,,,,,,,,GB41122,,,,,,,,,
,,,,,,,,,,GB50132,,,,,,,,,
,,,,,,,,,,GB48433,,,,,,,,,
,,,,,,,,,,GB44177,,,,,,,,,
,,,,,,,,,,GB51255,,,,,,,,,
,,,,,,,,,,GB48563,,,,,,,,,
,,,,,,,,,,GB54600,,,,,,,,,
,,,,,,,,,,GB49300,,,,,,,,,
,,,,,,,,,,GB46881,,,,,,,,,
,,,,,,,,,,GB47060,,,,,,,,,
,,,,,,,,,,GB42108,,,,,,,,,
,,,,,,,,,,GB53614,,,,,,,,,
,,,,,,,,,,GB45093,,,,,,,,,
,,,,,,,,,,GB45338,,,,,,,,,
,,,,,,,,,,GB42894,,,,,,,,,
,,,,,,,,,,GB50994,,,,,,,,,
,,,,,,,,,,GB54376,,,,,,,,,
,,,,,,,,,,GB51660,,,,,,,,,
,,,,,,,,,,GB52048,,,,,,,,,
,,,,,,,,,,GB54193,,,,,,,,,
,,,,,,,,,,GB45794,,,,,,,,,
,,,,,,,,,,GB44034,,,,,,,,,
,,,,,,,,,,GB55984,,,,,,,,,
,,,,,,,,,,GB41037,,,,,,,,,
,,,,,,,,,,GB54300,,,,,,,,,
,,,,,,,,,,GB49132,,,,,,,,,
,,,,,,,,,,GB52330,,,,,,,,,
,,,,,,,,,,GB48542,,,,,,,,,
,,,,,,,,,,GB44559,,,,,,,,,
,,,,,,,,,,GB48866,,,,,,,,,
,,,,,,,,,,GB40217,,,,,,,,,
,,,,,,,,,,GB44800,,,,,,,,,
,,,,,,,,,,GB49120,,,,,,,,,
,,,,,,,,,,GB55829,,,,,,,,,
,,,,,,,,,,GB54654,,,,,,,,,
,,,,,,,,,,GB46786,,,,,,,,,
,,,,,,,,,,GB40788,,,,,,,,,
,,,,,,,,,,GB54970,,,,,,,,,
,,,,,,,,,,GB48490,,,,,,,,,
,,,,,,,,,,GB46435,,,,,,,,,
,,,,,,,,,,GB47435,,,,,,,,,
,,,,,,,,,,GB46144,,,,,,,,,
,,,,,,,,,,GB51298,,,,,,,,,
,,,,,,,,,,GB47277,,,,,,,,,
,,,,,,,,,,GB46484,,,,,,,,,
,,,,,,,,,,GB40466,,,,,,,,,
,,,,,,,,,,GB54926,,,,,,,,,
,,,,,,,,,,GB43932,,,,,,,,,
,,,,,,,,,,GB51137,,,,,,,,,
,,,,,,,,,,GB43072,,,,,,,,,
,,,,,,,,,,GB44507,,,,,,,,,
,,,,,,,,,,GB43863,,,,,,,,,
,,,,,,,,,,GB55438,,,,,,,,,
,,,,,,,,,,GB48440,,,,,,,,,
,,,,,,,,,,GB47307,,,,,,,,,
,,,,,,,,,,GB44535,,,,,,,,,
,,,,,,,,,,GB47090,,,,,,,,,
,,,,,,,,,,GB50824,,,,,,,,,
,,,,,,,,,,GB42853,,,,,,,,,
,,,,,,,,,,GB45926,,,,,,,,,
,,,,,,,,,,GB49020,,,,,,,,,
,,,,,,,,,,GB48412,,,,,,,,,
,,,,,,,,,,GB42045,,,,,,,,,
,,,,,,,,,,GB45255,,,,,,,,,
,,,,,,,,,,GB41210,,,,,,,,,
,,,,,,,,,,GB44648,,,,,,,,,
,,,,,,,,,,GB49803,,,,,,,,,
,,,,,,,,,,GB40296,,,,,,,,,
,,,,,,,,,,GB48331,,,,,,,,,
,,,,,,,,,,GB48360,,,,,,,,,
,,,,,,,,,,GB40548,,,,,,,,,
,,,,,,,,,,GB41318,,,,,,,,,
,,,,,,,,,,GB46663,,,,,,,,,
,,,,,,,,,,GB45416,,,,,,,,,
,,,,,,,,,,GB47226,,,,,,,,,
,,,,,,,,,,GB43472,,,,,,,,,
,,,,,,,,,,GB55808,,,,,,,,,
,,,,,,,,,,GB48997,,,,,,,,,
,,,,,,,,,,GB54449,,,,,,,,,
,,,,,,,,,,GB43640,,,,,,,,,
,,,,,,,,,,GB54037,,,,,,,,,
,,,,,,,,,,GB47568,,,,,,,,,
,,,,,,,,,,GB42169,,,,,,,,,
,,,,,,,,,,GB44643,,,,,,,,,
,,,,,,,,,,GB44216,,,,,,,,,
,,,,,,,,,,GB51908,,,,,,,,,
,,,,,,,,,,GB41011,,,,,,,,,
,,,,,,,,,,GB49560,,,,,,,,,
,,,,,,,,,,GB47633,,,,,,,,,
,,,,,,,,,,GB52189,,,,,,,,,
,,,,,,,,,,GB40477,,,,,,,,,
,,,,,,,,,,GB54269,,,,,,,,,
,,,,,,,,,,GB40906,,,,,,,,,
,,,,,,,,,,GB48394,,,,,,,,,
,,,,,,,,,,GB47089,,,,,,,,,
,,,,,,,,,,GB46058,,,,,,,,,
,,,,,,,,,,GB52331,,,,,,,,,
,,,,,,,,,,GB52149,,,,,,,,,
,,,,,,,,,,GB40749,,,,,,,,,
,,,,,,,,,,GB53151,,,,,,,,,
,,,,,,,,,,GB49142,,,,,,,,,
,,,,,,,,,,GB40413,,,,,,,,,
,,,,,,,,,,GB51403,,,,,,,,,
,,,,,,,,,,GB54900,,,,,,,,,
,,,,,,,,,,GB51766,,,,,,,,,
,,,,,,,,,,GB42665,,,,,,,,,
,,,,,,,,,,GB46150,,,,,,,,,
,,,,,,,,,,GB47845,,,,,,,,,
,,,,,,,,,,GB55155,,,,,,,,,
,,,,,,,,,,GB49417,,,,,,,,,
,,,,,,,,,,GB46213,,,,,,,,,
,,,,,,,,,,GB41591,,,,,,,,,
,,,,,,,,,,GB49671,,,,,,,,,
,,,,,,,,,,GB53326,,,,,,,,,
,,,,,,,,,,GB44315,,,,,,,,,
,,,,,,,,,,GB40819,,,,,,,,,
,,,,,,,,,,GB46250,,,,,,,,,
,,,,,,,,,,GB43945,,,,,,,,,
,,,,,,,,,,GB46851,,,,,,,,,
,,,,,,,,,,GB46664,,,,,,,,,
,,,,,,,,,,GB43042,,,,,,,,,
,,,,,,,,,,GB53606,,,,,,,,,
,,,,,,,,,,GB48110,,,,,,,,,
,,,,,,,,,,GB52830,,,,,,,,,
,,,,,,,,,,GB43977,,,,,,,,,
,,,,,,,,,,GB52797,,,,,,,,,
,,,,,,,,,,GB51487,,,,,,,,,
,,,,,,,,,,GB52691,,,,,,,,,
,,,,,,,,,,GB44534,,,,,,,,,
,,,,,,,,,,GB51024,,,,,,,,,
,,,,,,,,,,GB42666,,,,,,,,,
,,,,,,,,,,GB53302,,,,,,,,,
,,,,,,,,,,GB43933,,,,,,,,,
,,,,,,,,,,GB48635,,,,,,,,,
,,,,,,,,,,GB44697,,,,,,,,,
,,,,,,,,,,GB47506,,,,,,,,,
,,,,,,,,,,GB45503,,,,,,,,,
,,,,,,,,,,GB47829,,,,,,,,,
,,,,,,,,,,GB44542,,,,,,,,,
,,,,,,,,,,GB51254,,,,,,,,,
,,,,,,,,,,GB54547,,,,,,,,,
,,,,,,,,,,GB42656,,,,,,,,,
,,,,,,,,,,GB51096,,,,,,,,,
,,,,,,,,,,GB50832,,,,,,,,,
,,,,,,,,,,GB53036,,,,,,,,,
,,,,,,,,,,GB55321,,,,,,,,,
,,,,,,,,,,GB40732,,,,,,,,,
,,,,,,,,,,GB55486,,,,,,,,,
,,,,,,,,,,GB40447,,,,,,,,,
,,,,,,,,,,GB49062,,,,,,,,,
,,,,,,,,,,GB46012,,,,,,,,,
,,,,,,,,,,GB51148,,,,,,,,,
,,,,,,,,,,GB41567,,,,,,,,,
,,,,,,,,,,GB54866,,,,,,,,,
,,,,,,,,,,GB45429,,,,,,,,,
,,,,,,,,,,GB45495,,,,,,,,,
,,,,,,,,,,GB49508,,,,,,,,,
,,,,,,,,,,GB43696,,,,,,,,,
,,,,,,,,,,GB42394,,,,,,,,,
,,,,,,,,,,GB41426,,,,,,,,,
,,,,,,,,,,GB54925,,,,,,,,,
,,,,,,,,,,GB54715,,,,,,,,,
,,,,,,,,,,GB51594,,,,,,,,,
,,,,,,,,,,GB46151,,,,,,,,,
,,,,,,,,,,GB54302,,,,,,,,,
,,,,,,,,,,GB46400,,,,,,,,,
,,,,,,,,,,GB43306,,,,,,,,,
,,,,,,,,,,GB44122,,,,,,,,,
,,,,,,,,,,GB52357,,,,,,,,,
,,,,,,,,,,GB46112,,,,,,,,,
,,,,,,,,,,GB55817,,,,,,,,,
,,,,,,,,,,GB41018,,,,,,,,,
,,,,,,,,,,GB40746,,,,,,,,,
,,,,,,,,,,GB44984,,,,,,,,,
,,,,,,,,,,GB55381,,,,,,,,,
,,,,,,,,,,GB48192,,,,,,,,,
,,,,,,,,,,GB54974,,,,,,,,,
,,,,,,,,,,GB44708,,,,,,,,,
,,,,,,,,,,GB40307,,,,,,,,,
,,,,,,,,,,GB45530,,,,,,,,,
,,,,,,,,,,GB50299,,,,,,,,,
,,,,,,,,,,GB49538,,,,,,,,,
,,,,,,,,,,GB48570,,,,,,,,,
,,,,,,,,,,GB48416,,,,,,,,,
,,,,,,,,,,GB46306,,,,,,,,,
,,,,,,,,,,GB46742,,,,,,,,,
,,,,,,,,,,GB48717,,,,,,,,,
,,,,,,,,,,GB44256,,,,,,,,,
,,,,,,,,,,GB48265,,,,,,,,,
,,,,,,,,,,GB45719,,,,,,,,,
,,,,,,,,,,GB48081,,,,,,,,,
,,,,,,,,,,GB40537,,,,,,,,,
,,,,,,,,,,GB45164,,,,,,,,,
,,,,,,,,,,GB45486,,,,,,,,,
,,,,,,,,,,GB40361,,,,,,,,,
,,,,,,,,,,GB43248,,,,,,,,,
,,,,,,,,,,GB55767,,,,,,,,,
,,,,,,,,,,GB43536,,,,,,,,,
,,,,,,,,,,GB42501,,,,,,,,,
,,,,,,,,,,GB40340,,,,,,,,,
,,,,,,,,,,GB48161,,,,,,,,,
,,,,,,,,,,GB44517,,,,,,,,,
,,,,,,,,,,GB42495,,,,,,,,,
,,,,,,,,,,GB46613,,,,,,,,,
,,,,,,,,,,GB50686,,,,,,,,,
,,,,,,,,,,GB48520,,,,,,,,,
,,,,,,,,,,GB44616,,,,,,,,,
,,,,,,,,,,GB42631,,,,,,,,,
,,,,,,,,,,GB49928,,,,,,,,,
,,,,,,,,,,GB48009,,,,,,,,,
,,,,,,,,,,GB53605,,,,,,,,,
,,,,,,,,,,GB51632,,,,,,,,,
,,,,,,,,,,GB42770,,,,,,,,,
,,,,,,,,,,GB46025,,,,,,,,,
,,,,,,,,,,GB48749,,,,,,,,,
,,,,,,,,,,GB41113,,,,,,,,,
,,,,,,,,,,GB52652,,,,,,,,,
,,,,,,,,,,GB40014,,,,,,,,,
,,,,,,,,,,GB43471,,,,,,,,,
,,,,,,,,,,GB49285,,,,,,,,,
,,,,,,,,,,GB46889,,,,,,,,,
,,,,,,,,,,GB40694,,,,,,,,,
,,,,,,,,,,GB54137,,,,,,,,,
,,,,,,,,,,GB46878,,,,,,,,,
,,,,,,,,,,GB55002,,,,,,,,,
,,,,,,,,,,GB52562,,,,,,,,,
,,,,,,,,,,GB51767,,,,,,,,,
,,,,,,,,,,GB55831,,,,,,,,,
,,,,,,,,,,GB41502,,,,,,,,,
,,,,,,,,,,GB45686,,,,,,,,,
,,,,,,,,,,GB52677,,,,,,,,,
,,,,,,,,,,GB46436,,,,,,,,,
,,,,,,,,,,GB41416,,,,,,,,,
,,,,,,,,,,GB41890,,,,,,,,,
,,,,,,,,,,GB51050,,,,,,,,,
,,,,,,,,,,GB44035,,,,,,,,,
,,,,,,,,,,GB46962,,,,,,,,,
,,,,,,,,,,GB49500,,,,,,,,,
,,,,,,,,,,GB44664,,,,,,,,,
,,,,,,,,,,GB50436,,,,,,,,,
,,,,,,,,,,GB42776,,,,,,,,,
,,,,,,,,,,GB48562,,,,,,,,,
,,,,,,,,,,GB47466,,,,,,,,,
,,,,,,,,,,GB51193,,,,,,,,,
,,,,,,,,,,GB46738,,,,,,,,,
,,,,,,,,,,GB46023,,,,,,,,,
,,,,,,,,,,GB52332,,,,,,,,,
,,,,,,,,,,GB48976,,,,,,,,,
,,,,,,,,,,GB51277,,,,,,,,,
,,,,,,,,,,GB51281,,,,,,,,,
,,,,,,,,,,GB54170,,,,,,,,,
,,,,,,,,,,GB40814,,,,,,,,,
,,,,,,,,,,GB48565,,,,,,,,,
,,,,,,,,,,GB48964,,,,,,,,,
,,,,,,,,,,GB52948,,,,,,,,,
,,,,,,,,,,GB40741,,,,,,,,,
,,,,,,,,,,GB53020,,,,,,,,,
,,,,,,,,,,GB42139,,,,,,,,,
,,,,,,,,,,GB48770,,,,,,,,,
,,,,,,,,,,GB50857,,,,,,,,,
,,,,,,,,,,GB44623,,,,,,,,,
,,,,,,,,,,GB48636,,,,,,,,,
,,,,,,,,,,GB51895,,,,,,,,,
,,,,,,,,,,GB48485,,,,,,,,,
,,,,,,,,,,GB55755,,,,,,,,,
,,,,,,,,,,GB47180,,,,,,,,,
,,,,,,,,,,GB48303,,,,,,,,,
,,,,,,,,,,GB40271,,,,,,,,,
,,,,,,,,,,GB46596,,,,,,,,,
,,,,,,,,,,GB46014,,,,,,,,,
,,,,,,,,,,GB52566,,,,,,,,,
,,,,,,,,,,GB48460,,,,,,,,,
,,,,,,,,,,GB48531,,,,,,,,,
,,,,,,,,,,GB53317,,,,,,,,,
,,,,,,,,,,GB51727,,,,,,,,,
,,,,,,,,,,GB41517,,,,,,,,,
,,,,,,,,,,GB50141,,,,,,,,,
,,,,,,,,,,GB49571,,,,,,,,,
,,,,,,,,,,GB43812,,,,,,,,,
,,,,,,,,,,GB52203,,,,,,,,,
,,,,,,,,,,GB48789,,,,,,,,,
,,,,,,,,,,GB51149,,,,,,,,,
,,,,,,,,,,GB43887,,,,,,,,,
,,,,,,,,,,GB48998,,,,,,,,,
,,,,,,,,,,GB50313,,,,,,,,,
,,,,,,,,,,GB40634,,,,,,,,,
,,,,,,,,,,GB48122,,,,,,,,,
,,,,,,,,,,GB49932,,,,,,,,,
,,,,,,,,,,GB47282,,,,,,,,,
,,,,,,,,,,GB44265,,,,,,,,,
,,,,,,,,,,GB45675,,,,,,,,,
,,,,,,,,,,GB44131,,,,,,,,,
,,,,,,,,,,GB48175,,,,,,,,,
,,,,,,,,,,GB50371,,,,,,,,,
,,,,,,,,,,GB40022,,,,,,,,,
,,,,,,,,,,GB53184,,,,,,,,,
,,,,,,,,,,GB47278,,,,,,,,,
,,,,,,,,,,GB47820,,,,,,,,,
,,,,,,,,,,GB55853,,,,,,,,,
,,,,,,,,,,GB47281,,,,,,,,,
,,,,,,,,,,GB48084,,,,,,,,,
,,,,,,,,,,GB48820,,,,,,,,,
,,,,,,,,,,GB41601,,,,,,,,,
,,,,,,,,,,GB52420,,,,,,,,,
,,,,,,,,,,GB55422,,,,,,,,,
,,,,,,,,,,GB42450,,,,,,,,,
,,,,,,,,,,GB55478,,,,,,,,,
,,,,,,,,,,GB42707,,,,,,,,,
,,,,,,,,,,GB50459,,,,,,,,,
,,,,,,,,,,GB41455,,,,,,,,,
,,,,,,,,,,GB50644,,,,,,,,,
,,,,,,,,,,GB44801,,,,,,,,,
,,,,,,,,,,GB44121,,,,,,,,,
,,,,,,,,,,GB47810,,,,,,,,,
,,,,,,,,,,GB42412,,,,,,,,,
,,,,,,,,,,GB52422,,,,,,,,,
,,,,,,,,,,GB48101,,,,,,,,,
,,,,,,,,,,GB41419,,,,,,,,,
,,,,,,,,,,GB48720,,,,,,,,,
,,,,,,,,,,GB40532,,,,,,,,,
,,,,,,,,,,GB51615,,,,,,,,,
,,,,,,,,,,GB48771,,,,,,,,,
,,,,,,,,,,GB55353,,,,,,,,,
,,,,,,,,,,GB47185,,,,,,,,,
,,,,,,,,,,GB47978,,,,,,,,,
,,,,,,,,,,GB43832,,,,,,,,,
,,,,,,,,,,GB49811,,,,,,,,,
,,,,,,,,,,GB40820,,,,,,,,,
,,,,,,,,,,GB49751,,,,,,,,,
,,,,,,,,,,GB46017,,,,,,,,,
,,,,,,,,,,GB41265,,,,,,,,,
,,,,,,,,,,GB44373,,,,,,,,,
,,,,,,,,,,GB51524,,,,,,,,,
,,,,,,,,,,GB42319,,,,,,,,,
,,,,,,,,,,GB44649,,,,,,,,,
,,,,,,,,,,GB53525,,,,,,,,,
,,,,,,,,,,GB43743,,,,,,,,,
,,,,,,,,,,GB53936,,,,,,,,,
,,,,,,,,,,GB42320,,,,,,,,,
,,,,,,,,,,GB51143,,,,,,,,,
,,,,,,,,,,GB54386,,,,,,,,,
,,,,,,,,,,GB46206,,,,,,,,,
,,,,,,,,,,GB53146,,,,,,,,,
,,,,,,,,,,GB53969,,,,,,,,,
,,,,,,,,,,GB52007,,,,,,,,,
,,,,,,,,,,GB48333,,,,,,,,,
,,,,,,,,,,GB45230,,,,,,,,,
,,,,,,,,,,GB43285,,,,,,,,,
,,,,,,,,,,GB49328,,,,,,,,,
,,,,,,,,,,GB41558,,,,,,,,,
,,,,,,,,,,GB46167,,,,,,,,,
,,,,,,,,,,GB44335,,,,,,,,,
,,,,,,,,,,GB53844,,,,,,,,,
,,,,,,,,,,GB48644,,,,,,,,,
,,,,,,,,,,GB45421,,,,,,,,,
,,,,,,,,,,GB41046,,,,,,,,,
,,,,,,,,,,GB50035,,,,,,,,,
,,,,,,,,,,GB46650,,,,,,,,,
,,,,,,,,,,GB54177,,,,,,,,,
,,,,,,,,,,GB41607,,,,,,,,,
,,,,,,,,,,GB53955,,,,,,,,,
,,,,,,,,,,GB43991,,,,,,,,,
,,,,,,,,,,GB50803,,,,,,,,,
,,,,,,,,,,GB51884,,,,,,,,,
,,,,,,,,,,GB52056,,,,,,,,,
,,,,,,,,,,GB47061,,,,,,,,,
,,,,,,,,,,GB50305,,,,,,,,,
,,,,,,,,,,GB53934,,,,,,,,,
,,,,,,,,,,GB45665,,,,,,,,,
,,,,,,,,,,GB54047,,,,,,,,,
,,,,,,,,,,GB42382,,,,,,,,,
,,,,,,,,,,GB40907,,,,,,,,,
,,,,,,,,,,GB43217,,,,,,,,,
,,,,,,,,,,GB50338,,,,,,,,,
,,,,,,,,,,GB43182,,,,,,,,,
,,,,,,,,,,GB42555,,,,,,,,,
,,,,,,,,,,GB44679,,,,,,,,,
,,,,,,,,,,GB43576,,,,,,,,,
,,,,,,,,,,GB40319,,,,,,,,,
,,,,,,,,,,GB46332,,,,,,,,,
,,,,,,,,,,GB42683,,,,,,,,,
,,,,,,,,,,GB41224,,,,,,,,,
,,,,,,,,,,GB54215,,,,,,,,,
,,,,,,,,,,GB47014,,,,,,,,,
,,,,,,,,,,GB41823,,,,,,,,,
,,,,,,,,,,GB53249,,,,,,,,,
,,,,,,,,,,GB51534,,,,,,,,,
,,,,,,,,,,GB49084,,,,,,,,,
,,,,,,,,,,GB48315,,,,,,,,,
,,,,,,,,,,GB44312,,,,,,,,,
,,,,,,,,,,GB49245,,,,,,,,,
,,,,,,,,,,GB48073,,,,,,,,,
,,,,,,,,,,GB53646,,,,,,,,,
,,,,,,,,,,GB51744,,,,,,,,,
,,,,,,,,,,GB55566,,,,,,,,,
,,,,,,,,,,GB50996,,,,,,,,,
,,,,,,,,,,GB40017,,,,,,,,,
,,,,,,,,,,GB40880,,,,,,,,,
,,,,,,,,,,GB49354,,,,,,,,,
,,,,,,,,,,GB44437,,,,,,,,,
,,,,,,,,,,GB48339,,,,,,,,,
,,,,,,,,,,GB47334,,,,,,,,,
,,,,,,,,,,GB44889,,,,,,,,,
,,,,,,,,,,GB40247,,,,,,,,,
,,,,,,,,,,GB51681,,,,,,,,,
,,,,,,,,,,GB49325,,,,,,,,,
,,,,,,,,,,GB54537,,,,,,,,,
,,,,,,,,,,GB42204,,,,,,,,,
,,,,,,,,,,GB50732,,,,,,,,,
,,,,,,,,,,GB46273,,,,,,,,,
,,,,,,,,,,GB44644,,,,,,,,,
,,,,,,,,,,GB50059,,,,,,,,,
,,,,,,,,,,GB44544,,,,,,,,,
,,,,,,,,,,GB44914,,,,,,,,,
,,,,,,,,,,GB46042,,,,,,,,,
,,,,,,,,,,GB40720,,,,,,,,,
,,,,,,,,,,GB54773,,,,,,,,,
,,,,,,,,,,GB50365,,,,,,,,,
,,,,,,,,,,GB55006,,,,,,,,,
,,,,,,,,,,GB47162,,,,,,,,,
,,,,,,,,,,GB41975,,,,,,,,,
,,,,,,,,,,GB48031,,,,,,,,,
,,,,,,,,,,GB48263,,,,,,,,,
,,,,,,,,,,GB51354,,,,,,,,,
,,,,,,,,,,GB54209,,,,,,,,,
,,,,,,,,,,GB53366,,,,,,,,,
,,,,,,,,,,GB47720,,,,,,,,,
,,,,,,,,,,GB40865,,,,,,,,,
,,,,,,,,,,GB54185,,,,,,,,,
,,,,,,,,,,GB40401,,,,,,,,,
,,,,,,,,,,GB53284,,,,,,,,,
,,,,,,,,,,GB53451,,,,,,,,,
,,,,,,,,,,GB40657,,,,,,,,,
,,,,,,,,,,GB53619,,,,,,,,,
,,,,,,,,,,GB55794,,,,,,,,,
,,,,,,,,,,GB48459,,,,,,,,,
,,,,,,,,,,GB42478,,,,,,,,,
,,,,,,,,,,GB54592,,,,,,,,,
,,,,,,,,,,GB46576,,,,,,,,,
,,,,,,,,,,GB43920,,,,,,,,,
,,,,,,,,,,GB49841,,,,,,,,,
,,,,,,,,,,GB45215,,,,,,,,,
,,,,,,,,,,GB53173,,,,,,,,,
,,,,,,,,,,GB54052,,,,,,,,,
,,,,,,,,,,GB51230,,,,,,,,,
,,,,,,,,,,GB51694,,,,,,,,,
,,,,,,,,,,GB49706,,,,,,,,,
,,,,,,,,,,GB47380,,,,,,,,,
,,,,,,,,,,GB41608,,,,,,,,,
,,,,,,,,,,GB42358,,,,,,,,,
,,,,,,,,,,GB45188,,,,,,,,,
,,,,,,,,,,GB46625,,,,,,,,,
,,,,,,,,,,GB54595,,,,,,,,,
,,,,,,,,,,GB51505,,,,,,,,,
,,,,,,,,,,GB43105,,,,,,,,,
,,,,,,,,,,GB50496,,,,,,,,,
,,,,,,,,,,GB47504,,,,,,,,,
,,,,,,,,,,GB43833,,,,,,,,,
,,,,,,,,,,GB45817,,,,,,,,,
,,,,,,,,,,GB53443,,,,,,,,,
,,,,,,,,,,GB44010,,,,,,,,,
,,,,,,,,,,GB53160,,,,,,,,,
,,,,,,,,,,GB40437,,,,,,,,,
,,,,,,,,,,GB41841,,,,,,,,,
,,,,,,,,,,GB42786,,,,,,,,,
,,,,,,,,,,GB47882,,,,,,,,,
,,,,,,,,,,GB53109,,,,,,,,,
,,,,,,,,,,GB54603,,,,,,,,,
,,,,,,,,,,GB53025,,,,,,,,,
,,,,,,,,,,GB42106,,,,,,,,,
,,,,,,,,,,GB43884,,,,,,,,,
,,,,,,,,,,GB54230,,,,,,,,,
,,,,,,,,,,GB49804,,,,,,,,,
,,,,,,,,,,GB53449,,,,,,,,,
,,,,,,,,,,GB55484,,,,,,,,,
,,,,,,,,,,GB45554,,,,,,,,,
,,,,,,,,,,GB43439,,,,,,,,,
,,,,,,,,,,GB53450,,,,,,,,,
,,,,,,,,,,GB42645,,,,,,,,,
,,,,,,,,,,GB47605,,,,,,,,,
,,,,,,,,,,GB53867,,,,,,,,,
,,,,,,,,,,GB41744,,,,,,,,,
,,,,,,,,,,GB52653,,,,,,,,,
,,,,,,,,,,GB42670,,,,,,,,,
,,,,,,,,,,GB51144,,,,,,,,,
,,,,,,,,,,GB49190,,,,,,,,,
,,,,,,,,,,GB41149,,,,,,,,,
,,,,,,,,,,GB41082,,,,,,,,,
,,,,,,,,,,GB47449,,,,,,,,,
,,,,,,,,,,GB48411,,,,,,,,,
,,,,,,,,,,GB45826,,,,,,,,,
,,,,,,,,,,GB44579,,,,,,,,,
,,,,,,,,,,GB54809,,,,,,,,,
,,,,,,,,,,GB52852,,,,,,,,,
,,,,,,,,,,GB51635,,,,,,,,,
,,,,,,,,,,GB40646,,,,,,,,,
,,,,,,,,,,GB45451,,,,,,,,,
,,,,,,,,,,GB41738,,,,,,,,,
,,,,,,,,,,GB49049,,,,,,,,,
,,,,,,,,,,GB48264,,,,,,,,,
,,,,,,,,,,GB49813,,,,,,,,,
,,,,,,,,,,GB50730,,,,,,,,,
,,,,,,,,,,GB44176,,,,,,,,,
,,,,,,,,,,GB47812,,,,,,,,,
,,,,,,,,,,GB40582,,,,,,,,,
,,,,,,,,,,GB46917,,,,,,,,,
,,,,,,,,,,GB45699,,,,,,,,,
,,,,,,,,,,GB51211,,,,,,,,,
,,,,,,,,,,GB48871,,,,,,,,,
,,,,,,,,,,GB44069,,,,,,,,,
,,,,,,,,,,GB51445,,,,,,,,,
,,,,,,,,,,GB54333,,,,,,,,,
,,,,,,,,,,GB45105,,,,,,,,,
,,,,,,,,,,GB55012,,,,,,,,,
,,,,,,,,,,GB46050,,,,,,,,,
,,,,,,,,,,GB44359,,,,,,,,,
,,,,,,,,,,GB54354,,,,,,,,,
,,,,,,,,,,GB52091,,,,,,,,,
,,,,,,,,,,GB47414,,,,,,,,,
,,,,,,,,,,GB44353,,,,,,,,,
,,,,,,,,,,GB55223,,,,,,,,,
,,,,,,,,,,GB50133,,,,,,,,,
,,,,,,,,,,GB47045,,,,,,,,,
,,,,,,,,,,GB51360,,,,,,,,,
,,,,,,,,,,GB49829,,,,,,,,,
,,,,,,,,,,GB55989,,,,,,,,,
,,,,,,,,,,GB41112,,,,,,,,,
,,,,,,,,,,GB46183,,,,,,,,,
,,,,,,,,,,GB53540,,,,,,,,,
,,,,,,,,,,GB52589,,,,,,,,,
,,,,,,,,,,GB52494,,,,,,,,,
,,,,,,,,,,GB44761,,,,,,,,,
,,,,,,,,,,GB53068,,,,,,,,,
,,,,,,,,,,GB52981,,,,,,,,,
,,,,,,,,,,GB52443,,,,,,,,,
,,,,,,,,,,GB45868,,,,,,,,,
,,,,,,,,,,GB45795,,,,,,,,,
,,,,,,,,,,GB40911,,,,,,,,,
,,,,,,,,,,GB48892,,,,,,,,,
,,,,,,,,,,GB42921,,,,,,,,,
,,,,,,,,,,GB44540,,,,,,,,,
,,,,,,,,,,GB40690,,,,,,,,,
,,,,,,,,,,GB50340,,,,,,,,,
,,,,,,,,,,GB54279,,,,,,,,,
,,,,,,,,,,GB51659,,,,,,,,,
,,,,,,,,,,GB46437,,,,,,,,,
,,,,,,,,,,GB54228,,,,,,,,,
,,,,,,,,,,GB51897,,,,,,,,,
,,,,,,,,,,GB50952,,,,,,,,,
,,,,,,,,,,GB55046,,,,,,,,,
,,,,,,,,,,GB45883,,,,,,,,,
,,,,,,,,,,GB55533,,,,,,,,,
,,,,,,,,,,GB43186,,,,,,,,,
,,,,,,,,,,GB48224,,,,,,,,,
,,,,,,,,,,GB49983,,,,,,,,,
,,,,,,,,,,GB52086,,,,,,,,,
,,,,,,,,,,GB45517,,,,,,,,,
,,,,,,,,,,GB52721,,,,,,,,,
,,,,,,,,,,GB41600,,,,,,,,,
,,,,,,,,,,GB44718,,,,,,,,,
,,,,,,,,,,GB51232,,,,,,,,,
,,,,,,,,,,GB54838,,,,,,,,,
,,,,,,,,,,GB51629,,,,,,,,,
,,,,,,,,,,GB51207,,,,,,,,,
,,,,,,,,,,GB40084,,,,,,,,,
,,,,,,,,,,GB44291,,,,,,,,,
,,,,,,,,,,GB42681,,,,,,,,,
,,,,,,,,,,GB45441,,,,,,,,,
,,,,,,,,,,GB52849,,,,,,,,,
,,,,,,,,,,GB50220,,,,,,,,,
,,,,,,,,,,GB54618,,,,,,,,,
,,,,,,,,,,GB55272,,,,,,,,,
,,,,,,,,,,GB47964,,,,,,,,,
,,,,,,,,,,GB40984,,,,,,,,,
,,,,,,,,,,GB40714,,,,,,,,,
,,,,,,,,,,GB54379,,,,,,,,,
,,,,,,,,,,GB53465,,,,,,,,,
,,,,,,,,,,GB45816,,,,,,,,,
,,,,,,,,,,GB54990,,,,,,,,,
,,,,,,,,,,GB45793,,,,,,,,,
,,,,,,,,,,GB44791,,,,,,,,,
,,,,,,,,,,GB53674,,,,,,,,,
,,,,,,,,,,GB43565,,,,,,,,,
,,,,,,,,,,GB55931,,,,,,,,,
,,,,,,,,,,GB47687,,,,,,,,,
,,,,,,,,,,GB44044,,,,,,,,,
,,,,,,,,,,GB43220,,,,,,,,,
,,,,,,,,,,GB54283,,,,,,,,,
,,,,,,,,,,GB41735,,,,,,,,,
,,,,,,,,,,GB45070,,,,,,,,,
,,,,,,,,,,GB49467,,,,,,,,,
,,,,,,,,,,GB53448,,,,,,,,,
,,,,,,,,,,GB46909,,,,,,,,,
,,,,,,,,,,GB46204,,,,,,,,,
,,,,,,,,,,GB47941,,,,,,,,,
,,,,,,,,,,GB41736,,,,,,,,,
,,,,,,,,,,GB47382,,,,,,,,,
,,,,,,,,,,GB49865,,,,,,,,,
,,,,,,,,,,GB42143,,,,,,,,,
,,,,,,,,,,GB47195,,,,,,,,,
,,,,,,,,,,GB53387,,,,,,,,,
,,,,,,,,,,GB49463,,,,,,,,,
,,,,,,,,,,GB48367,,,,,,,,,
,,,,,,,,,,GB44688,,,,,,,,,
,,,,,,,,,,GB42649,,,,,,,,,
,,,,,,,,,,GB52614,,,,,,,,,
,,,,,,,,,,GB47239,,,,,,,,,
,,,,,,,,,,GB44321,,,,,,,,,
,,,,,,,,,,GB51079,,,,,,,,,
,,,,,,,,,,GB45272,,,,,,,,,
,,,,,,,,,,GB51278,,,,,,,,,
,,,,,,,,,,GB44053,,,,,,,,,
,,,,,,,,,,GB49604,,,,,,,,,
,,,,,,,,,,GB43237,,,,,,,,,
,,,,,,,,,,GB50243,,,,,,,,,
,,,,,,,,,,GB49883,,,,,,,,,
,,,,,,,,,,GB51160,,,,,,,,,
,,,,,,,,,,GB45252,,,,,,,,,
,,,,,,,,,,GB43544,,,,,,,,,
,,,,,,,,,,GB50168,,,,,,,,,
,,,,,,,,,,GB42190,,,,,,,,,
,,,,,,,,,,GB53311,,,,,,,,,
,,,,,,,,,,GB41977,,,,,,,,,
,,,,,,,,,,GB50221,,,,,,,,,
,,,,,,,,,,GB54755,,,,,,,,,
,,,,,,,,,,GB43189,,,,,,,,,
,,,,,,,,,,GB51977,,,,,,,,,
,,,,,,,,,,GB40703,,,,,,,,,
,,,,,,,,,,GB40993,,,,,,,,,
,,,,,,,,,,GB50130,,,,,,,,,
,,,,,,,,,,GB45810,,,,,,,,,
,,,,,,,,,,GB41553,,,,,,,,,
,,,,,,,,,,GB41896,,,,,,,,,
,,,,,,,,,,GB49012,,,,,,,,,
,,,,,,,,,,GB49613,,,,,,,,,
,,,,,,,,,,GB44936,,,,,,,,,
,,,,,,,,,,GB52058,,,,,,,,,
,,,,,,,,,,GB46065,,,,,,,,,
,,,,,,,,,,GB46877,,,,,,,,,
,,,,,,,,,,GB54263,,,,,,,,,
,,,,,,,,,,GB54367,,,,,,,,,
,,,,,,,,,,GB54758,,,,,,,,,
,,,,,,,,,,GB40508,,,,,,,,,
,,,,,,,,,,GB55970,,,,,,,,,
,,,,,,,,,,GB44796,,,,,,,,,
,,,,,,,,,,GB45490,,,,,,,,,
,,,,,,,,,,GB44990,,,,,,,,,
,,,,,,,,,,GB45946,,,,,,,,,
,,,,,,,,,,GB46616,,,,,,,,,
,,,,,,,,,,GB42781,,,,,,,,,
,,,,,,,,,,GB44789,,,,,,,,,
,,,,,,,,,,GB47335,,,,,,,,,
,,,,,,,,,,GB47847,,,,,,,,,
,,,,,,,,,,GB48783,,,,,,,,,
,,,,,,,,,,GB43851,,,,,,,,,
,,,,,,,,,,GB48599,,,,,,,,,
,,,,,,,,,,GB53788,,,,,,,,,
,,,,,,,,,,GB44173,,,,,,,,,
,,,,,,,,,,GB42383,,,,,,,,,
,,,,,,,,,,GB41710,,,,,,,,,
,,,,,,,,,,GB52084,,,,,,,,,
,,,,,,,,,,GB42844,,,,,,,,,
,,,,,,,,,,GB56009,,,,,,,,,
,,,,,,,,,,GB44326,,,,,,,,,
,,,,,,,,,,GB42086,,,,,,,,,
,,,,,,,,,,GB49399,,,,,,,,,
,,,,,,,,,,GB55259,,,,,,,,,
,,,,,,,,,,GB53937,,,,,,,,,
,,,,,,,,,,GB47632,,,,,,,,,
,,,,,,,,,,GB46928,,,,,,,,,
,,,,,,,,,,GB44747,,,,,,,,,
,,,,,,,,,,GB49299,,,,,,,,,
,,,,,,,,,,GB43857,,,,,,,,,
,,,,,,,,,,GB52061,,,,,,,,,
,,,,,,,,,,GB41077,,,,,,,,,
,,,,,,,,,,GB54027,,,,,,,,,
,,,,,,,,,,GB48074,,,,,,,,,
,,,,,,,,,,GB47428,,,,,,,,,
,,,,,,,,,,GB54605,,,,,,,,,
,,,,,,,,,,GB54697,,,,,,,,,
,,,,,,,,,,GB55976,,,,,,,,,
,,,,,,,,,,GB40843,,,,,,,,,
,,,,,,,,,,GB44997,,,,,,,,,
,,,,,,,,,,GB43158,,,,,,,,,
,,,,,,,,,,GB50014,,,,,,,,,
,,,,,,,,,,GB47884,,,,,,,,,
,,,,,,,,,,GB54653,,,,,,,,,
,,,,,,,,,,GB46599,,,,,,,,,
,,,,,,,,,,GB41177,,,,,,,,,
,,,,,,,,,,GB46602,,,,,,,,,
,,,,,,,,,,GB47093,,,,,,,,,
,,,,,,,,,,GB47142,,,,,,,,,
,,,,,,,,,,GB50809,,,,,,,,,
,,,,,,,,,,GB46373,,,,,,,,,
,,,,,,,,,,GB45101,,,,,,,,,
,,,,,,,,,,GB41457,,,,,,,,,
,,,,,,,,,,GB46307,,,,,,,,,
,,,,,,,,,,GB45727,,,,,,,,,
,,,,,,,,,,GB45087,,,,,,,,,
,,,,,,,,,,GB50640,,,,,,,,,
,,,,,,,,,,GB53269,,,,,,,,,
,,,,,,,,,,GB44694,,,,,,,,,
,,,,,,,,,,GB47842,,,,,,,,,
,,,,,,,,,,GB44055,,,,,,,,,
,,,,,,,,,,GB43873,,,,,,,,,
,,,,,,,,,,GB48524,,,,,,,,,
,,,,,,,,,,GB43443,,,,,,,,,
,,,,,,,,,,GB47062,,,,,,,,,
,,,,,,,,,,GB41883,,,,,,,,,
,,,,,,,,,,GB49637,,,,,,,,,
,,,,,,,,,,GB54120,,,,,,,,,
,,,,,,,,,,GB55633,,,,,,,,,
,,,,,,,,,,GB53737,,,,,,,,,
,,,,,,,,,,GB40721,,,,,,,,,
,,,,,,,,,,GB41075,,,,,,,,,
,,,,,,,,,,GB55416,,,,,,,,,
,,,,,,,,,,GB53659,,,,,,,,,
,,,,,,,,,,GB50691,,,,,,,,,
,,,,,,,,,,GB41655,,,,,,,,,
,,,,,,,,,,GB45157,,,,,,,,,
,,,,,,,,,,GB45039,,,,,,,,,
,,,,,,,,,,GB47151,,,,,,,,,
,,,,,,,,,,GB49651,,,,,,,,,
,,,,,,,,,,GB52192,,,,,,,,,
,,,,,,,,,,GB55834,,,,,,,,,
,,,,,,,,,,GB43260,,,,,,,,,
,,,,,,,,,,GB50146,,,,,,,,,
,,,,,,,,,,GB50796,,,,,,,,,
,,,,,,,,,,GB40728,,,,,,,,,
,,,,,,,,,,GB48117,,,,,,,,,
,,,,,,,,,,GB51504,,,,,,,,,
,,,,,,,,,,GB44515,,,,,,,,,
,,,,,,,,,,GB47240,,,,,,,,,
,,,,,,,,,,GB53683,,,,,,,,,
,,,,,,,,,,GB44423,,,,,,,,,
,,,,,,,,,,GB55540,,,,,,,,,
,,,,,,,,,,GB43159,,,,,,,,,
,,,,,,,,,,GB45848,,,,,,,,,
,,,,,,,,,,GB49680,,,,,,,,,
,,,,,,,,,,GB42694,,,,,,,,,
,,,,,,,,,,GB54377,,,,,,,,,
,,,,,,,,,,GB48619,,,,,,,,,
,,,,,,,,,,GB48170,,,,,,,,,
,,,,,,,,,,GB54989,,,,,,,,,
,,,,,,,,,,GB45349,,,,,,,,,
,,,,,,,,,,GB52973,,,,,,,,,
,,,,,,,,,,GB54845,,,,,,,,,
,,,,,,,,,,GB54136,,,,,,,,,
,,,,,,,,,,GB41602,,,,,,,,,
,,,,,,,,,,GB49409,,,,,,,,,
,,,,,,,,,,GB50965,,,,,,,,,
,,,,,,,,,,GB49096,,,,,,,,,
,,,,,,,,,,GB46774,,,,,,,,,
,,,,,,,,,,GB43874,,,,,,,,,
,,,,,,,,,,GB44692,,,,,,,,,
,,,,,,,,,,GB48691,,,,,,,,,
,,,,,,,,,,GB53920,,,,,,,,,
,,,,,,,,,,GB43980,,,,,,,,,
,,,,,,,,,,GB46308,,,,,,,,,
,,,,,,,,,,GB48469,,,,,,,,,
,,,,,,,,,,GB42499,,,,,,,,,
,,,,,,,,,,GB40364,,,,,,,,,
,,,,,,,,,,GB43172,,,,,,,,,
,,,,,,,,,,GB46619,,,,,,,,,
,,,,,,,,,,GB54054,,,,,,,,,
,,,,,,,,,,GB52619,,,,,,,,,
,,,,,,,,,,GB50016,,,,,,,,,
,,,,,,,,,,GB53152,,,,,,,,,
,,,,,,,,,,GB40859,,,,,,,,,
,,,,,,,,,,GB42110,,,,,,,,,
,,,,,,,,,,GB54797,,,,,,,,,
,,,,,,,,,,GB55095,,,,,,,,,
,,,,,,,,,,GB44850,,,,,,,,,
,,,,,,,,,,GB41295,,,,,,,,,
,,,,,,,,,,GB55849,,,,,,,,,
,,,,,,,,,,GB55076,,,,,,,,,
,,,,,,,,,,GB53661,,,,,,,,,
,,,,,,,,,,GB41287,,,,,,,,,
,,,,,,,,,,GB49107,,,,,,,,,
,,,,,,,,,,GB42295,,,,,,,,,
,,,,,,,,,,GB47591,,,,,,,,,
,,,,,,,,,,GB47667,,,,,,,,,
,,,,,,,,,,GB44509,,,,,,,,,
,,,,,,,,,,GB48831,,,,,,,,,
,,,,,,,,,,GB42452,,,,,,,,,
,,,,,,,,,,GB53971,,,,,,,,,
,,,,,,,,,,GB44429,,,,,,,,,
,,,,,,,,,,GB44728,,,,,,,,,
,,,,,,,,,,GB44346,,,,,,,,,
,,,,,,,,,,GB51745,,,,,,,,,
,,,,,,,,,,GB53398,,,,,,,,,
,,,,,,,,,,GB47182,,,,,,,,,
,,,,,,,,,,GB47349,,,,,,,,,
,,,,,,,,,,GB43564,,,,,,,,,
,,,,,,,,,,GB41769,,,,,,,,,
,,,,,,,,,,GB48240,,,,,,,,,
,,,,,,,,,,GB51064,,,,,,,,,
,,,,,,,,,,GB52247,,,,,,,,,
,,,,,,,,,,GB49050,,,,,,,,,
,,,,,,,,,,GB44369,,,,,,,,,
,,,,,,,,,,GB55683,,,,,,,,,
,,,,,,,,,,GB52165,,,,,,,,,
,,,,,,,,,,GB54956,,,,,,,,,
,,,,,,,,,,GB47592,,,,,,,,,
,,,,,,,,,,GB51130,,,,,,,,,
,,,,,,,,,,GB46972,,,,,,,,,
,,,,,,,,,,GB40400,,,,,,,,,
,,,,,,,,,,GB42887,,,,,,,,,
,,,,,,,,,,GB55225,,,,,,,,,
,,,,,,,,,,GB49019,,,,,,,,,
,,,,,,,,,,GB44901,,,,,,,,,
,,,,,,,,,,GB44926,,,,,,,,,
,,,,,,,,,,GB44492,,,,,,,,,
,,,,,,,,,,GB45368,,,,,,,,,
,,,,,,,,,,GB49318,,,,,,,,,
,,,,,,,,,,GB52456,,,,,,,,,
,,,,,,,,,,GB49539,,,,,,,,,
,,,,,,,,,,GB44434,,,,,,,,,
,,,,,,,,,,GB44180,,,,,,,,,
,,,,,,,,,,GB51221,,,,,,,,,
,,,,,,,,,,GB53607,,,,,,,,,
,,,,,,,,,,GB51556,,,,,,,,,
,,,,,,,,,,GB49438,,,,,,,,,
,,,,,,,,,,GB50104,,,,,,,,,
,,,,,,,,,,GB46271,,,,,,,,,
,,,,,,,,,,GB53251,,,,,,,,,
,,,,,,,,,,GB41076,,,,,,,,,
,,,,,,,,,,GB43692,,,,,,,,,
,,,,,,,,,,GB46202,,,,,,,,,
,,,,,,,,,,GB47657,,,,,,,,,
,,,,,,,,,,GB51103,,,,,,,,,
,,,,,,,,,,GB53376,,,,,,,,,
,,,,,,,,,,GB47514,,,,,,,,,
,,,,,,,,,,GB51647,,,,,,,,,
,,,,,,,,,,GB55660,,,,,,,,,
,,,,,,,,,,GB53442,,,,,,,,,
,,,,,,,,,,GB54526,,,,,,,,,
,,,,,,,,,,GB46210,,,,,,,,,
,,,,,,,,,,GB42614,,,,,,,,,
,,,,,,,,,,GB43388,,,,,,,,,
,,,,,,,,,,GB42418,,,,,,,,,
,,,,,,,,,,GB43919,,,,,,,,,
,,,,,,,,,,GB48543,,,,,,,,,
,,,,,,,,,,GB45256,,,,,,,,,
,,,,,,,,,,GB49221,,,,,,,,,
,,,,,,,,,,GB47659,,,,,,,,,
,,,,,,,,,,GB52917,,,,,,,,,
,,,,,,,,,,GB43852,,,,,,,,,
,,,,,,,,,,GB51617,,,,,,,,,
,,,,,,,,,,GB49000,,,,,,,,,
,,,,,,,,,,GB45752,,,,,,,,,
,,,,,,,,,,GB44743,,,,,,,,,
,,,,,,,,,,GB49638,,,,,,,,,
,,,,,,,,,,GB55192,,,,,,,,,
,,,,,,,,,,GB50125,,,,,,,,,
,,,,,,,,,,GB47469,,,,,,,,,
,,,,,,,,,,GB51037,,,,,,,,,
,,,,,,,,,,GB44762,,,,,,,,,
,,,,,,,,,,GB44730,,,,,,,,,
,,,,,,,,,,GB55269,,,,,,,,,
,,,,,,,,,,GB51717,,,,,,,,,
,,,,,,,,,,GB48005,,,,,,,,,
,,,,,,,,,,GB42451,,,,,,,,,
,,,,,,,,,,GB54581,,,,,,,,,
,,,,,,,,,,GB43626,,,,,,,,,
,,,,,,,,,,GB55299,,,,,,,,,
,,,,,,,,,,GB51701,,,,,,,,,
,,,,,,,,,,GB49987,,,,,,,,,
,,,,,,,,,,GB50747,,,,,,,,,
,,,,,,,,,,GB44165,,,,,,,,,
,,,,,,,,,,GB55778,,,,,,,,,
,,,,,,,,,,GB47341,,,,,,,,,
,,,,,,,,,,GB45696,,,,,,,,,
,,,,,,,,,,GB44925,,,,,,,,,
,,,,,,,,,,GB51465,,,,,,,,,
,,,,,,,,,,GB50004,,,,,,,,,
,,,,,,,,,,GB55914,,,,,,,,,
,,,,,,,,,,GB48177,,,,,,,,,
,,,,,,,,,,GB54235,,,,,,,,,
,,,,,,,,,,GB55977,,,,,,,,,
,,,,,,,,,,GB55898,,,,,,,,,
,,,,,,,,,,GB41373,,,,,,,,,
,,,,,,,,,,GB54748,,,,,,,,,
,,,,,,,,,,GB53828,,,,,,,,,
,,,,,,,,,,GB53089,,,,,,,,,
,,,,,,,,,,GB49042,,,,,,,,,
,,,,,,,,,,GB53666,,,,,,,,,
,,,,,,,,,,GB46654,,,,,,,,,
,,,,,,,,,,GB48680,,,,,,,,,
,,,,,,,,,,GB46586,,,,,,,,,
,,,,,,,,,,GB44732,,,,,,,,,
,,,,,,,,,,GB50229,,,,,,,,,
,,,,,,,,,,GB51624,,,,,,,,,
,,,,,,,,,,GB50740,,,,,,,,,
,,,,,,,,,,GB44511,,,,,,,,,
,,,,,,,,,,GB44410,,,,,,,,,
,,,,,,,,,,GB49540,,,,,,,,,
,,,,,,,,,,GB49167,,,,,,,,,
,,,,,,,,,,GB41136,,,,,,,,,
,,,,,,,,,,GB44097,,,,,,,,,
,,,,,,,,,,GB55787,,,,,,,,,
,,,,,,,,,,GB40309,,,,,,,,,
,,,,,,,,,,GB51033,,,,,,,,,
,,,,,,,,,,GB42999,,,,,,,,,
,,,,,,,,,,GB41450,,,,,,,,,
,,,,,,,,,,GB52994,,,,,,,,,
,,,,,,,,,,GB45567,,,,,,,,,
,,,,,,,,,,GB49624,,,,,,,,,
,,,,,,,,,,GB47652,,,,,,,,,
,,,,,,,,,,GB52812,,,,,,,,,
,,,,,,,,,,GB48169,,,,,,,,,
,,,,,,,,,,GB46621,,,,,,,,,
,,,,,,,,,,GB47602,,,,,,,,,
,,,,,,,,,,GB50030,,,,,,,,,
,,,,,,,,,,GB49859,,,,,,,,,
,,,,,,,,,,GB48403,,,,,,,,,
,,,,,,,,,,GB41865,,,,,,,,,
,,,,,,,,,,GB50348,,,,,,,,,
,,,,,,,,,,GB50197,,,,,,,,,
,,,,,,,,,,GB50270,,,,,,,,,
,,,,,,,,,,GB42721,,,,,,,,,
,,,,,,,,,,GB49690,,,,,,,,,
,,,,,,,,,,GB54174,,,,,,,,,
,,,,,,,,,,GB48834,,,,,,,,,
,,,,,,,,,,GB55022,,,,,,,,,
,,,,,,,,,,GB45654,,,,,,,,,
,,,,,,,,,,GB53819,,,,,,,,,
,,,,,,,,,,GB40459,,,,,,,,,
,,,,,,,,,,GB54734,,,,,,,,,
,,,,,,,,,,GB52889,,,,,,,,,
,,,,,,,,,,GB52991,,,,,,,,,
,,,,,,,,,,GB50092,,,,,,,,,
,,,,,,,,,,GB40545,,,,,,,,,
,,,,,,,,,,GB55517,,,,,,,,,
,,,,,,,,,,GB47735,,,,,,,,,
,,,,,,,,,,GB50069,,,,,,,,,
,,,,,,,,,,GB45360,,,,,,,,,
,,,,,,,,,,GB55700,,,,,,,,,
,,,,,,,,,,GB40018,,,,,,,,,
,,,,,,,,,,GB41689,,,,,,,,,
,,,,,,,,,,GB46876,,,,,,,,,
,,,,,,,,,,GB54348,,,,,,,,,
,,,,,,,,,,GB43860,,,,,,,,,
,,,,,,,,,,GB49593,,,,,,,,,
,,,,,,,,,,GB44946,,,,,,,,,
,,,,,,,,,,GB50044,,,,,,,,,
,,,,,,,,,,GB40515,,,,,,,,,
,,,,,,,,,,GB54391,,,,,,,,,
,,,,,,,,,,GB53338,,,,,,,,,
,,,,,,,,,,GB45698,,,,,,,,,
,,,,,,,,,,GB44896,,,,,,,,,
,,,,,,,,,,GB54927,,,,,,,,,
,,,,,,,,,,GB40652,,,,,,,,,
,,,,,,,,,,GB52737,,,,,,,,,
,,,,,,,,,,GB44586,,,,,,,,,
,,,,,,,,,,GB54113,,,,,,,,,
,,,,,,,,,,GB45683,,,,,,,,,
,,,,,,,,,,GB47186,,,,,,,,,
,,,,,,,,,,GB43060,,,,,,,,,
,,,,,,,,,,GB40341,,,,,,,,,
,,,,,,,,,,GB42274,,,,,,,,,
,,,,,,,,,,GB43470,,,,,,,,,
,,,,,,,,,,GB46378,,,,,,,,,
,,,,,,,,,,GB46610,,,,,,,,,
,,,,,,,,,,GB43305,,,,,,,,,
,,,,,,,,,,GB48467,,,,,,,,,
,,,,,,,,,,GB53430,,,,,,,,,
,,,,,,,,,,GB53250,,,,,,,,,
,,,,,,,,,,GB51486,,,,,,,,,
,,,,,,,,,,GB51662,,,,,,,,,
,,,,,,,,,,GB44077,,,,,,,,,
,,,,,,,,,,GB40428,,,,,,,,,
,,,,,,,,,,GB48017,,,,,,,,,
,,,,,,,,,,GB51755,,,,,,,,,
,,,,,,,,,,GB45760,,,,,,,,,
,,,,,,,,,,GB48047,,,,,,,,,
,,,,,,,,,,GB51999,,,,,,,,,
,,,,,,,,,,GB40252,,,,,,,,,
,,,,,,,,,,GB49114,,,,,,,,,
,,,,,,,,,,GB42225,,,,,,,,,
,,,,,,,,,,GB42454,,,,,,,,,
,,,,,,,,,,GB44877,,,,,,,,,
,,,,,,,,,,GB45637,,,,,,,,,
,,,,,,,,,,GB41134,,,,,,,,,
,,,,,,,,,,GB43176,,,,,,,,,
,,,,,,,,,,GB50135,,,,,,,,,
,,,,,,,,,,GB55101,,,,,,,,,
,,,,,,,,,,GB44360,,,,,,,,,
,,,,,,,,,,GB43899,,,,,,,,,
,,,,,,,,,,GB44699,,,,,,,,,
,,,,,,,,,,GB45872,,,,,,,,,
,,,,,,,,,,GB41176,,,,,,,,,
,,,,,,,,,,GB42298,,,,,,,,,
,,,,,,,,,,GB49491,,,,,,,,,
,,,,,,,,,,GB47331,,,,,,,,,
,,,,,,,,,,GB46520,,,,,,,,,
,,,,,,,,,,GB42680,,,,,,,,,
,,,,,,,,,,GB42321,,,,,,,,,
,,,,,,,,,,GB44960,,,,,,,,,
,,,,,,,,,,GB50322,,,,,,,,,
,,,,,,,,,,GB43304,,,,,,,,,
,,,,,,,,,,GB51197,,,,,,,,,
,,,,,,,,,,GB51208,,,,,,,,,
,,,,,,,,,,GB40308,,,,,,,,,
,,,,,,,,,,GB49518,,,,,,,,,
,,,,,,,,,,GB44862,,,,,,,,,
,,,,,,,,,,GB52229,,,,,,,,,
,,,,,,,,,,GB52082,,,,,,,,,
,,,,,,,,,,GB46892,,,,,,,,,
,,,,,,,,,,GB51517,,,,,,,,,
,,,,,,,,,,GB41223,,,,,,,,,
,,,,,,,,,,GB53437,,,,,,,,,
,,,,,,,,,,GB45540,,,,,,,,,
,,,,,,,,,,GB50909,,,,,,,,,
,,,,,,,,,,GB41629,,,,,,,,,
,,,,,,,,,,GB55323,,,,,,,,,
,,,,,,,,,,GB55658,,,,,,,,,
,,,,,,,,,,GB51619,,,,,,,,,
,,,,,,,,,,GB41257,,,,,,,,,
,,,,,,,,,,GB46687,,,,,,,,,
,,,,,,,,,,GB52114,,,,,,,,,
,,,,,,,,,,GB42548,,,,,,,,,
,,,,,,,,,,GB52979,,,,,,,,,
,,,,,,,,,,GB41668,,,,,,,,,
,,,,,,,,,,GB55744,,,,,,,,,
,,,,,,,,,,GB51809,,,,,,,,,
,,,,,,,,,,GB54775,,,,,,,,,
,,,,,,,,,,GB41430,,,,,,,,,
,,,,,,,,,,GB41714,,,,,,,,,
,,,,,,,,,,GB51337,,,,,,,,,
,,,,,,,,,,GB54474,,,,,,,,,
,,,,,,,,,,GB41175,,,,,,,,,
,,,,,,,,,,GB41526,,,,,,,,,
,,,,,,,,,,GB50679,,,,,,,,,
,,,,,,,,,,GB55600,,,,,,,,,
,,,,,,,,,,GB44723,,,,,,,,,
,,,,,,,,,,GB41072,,,,,,,,,
,,,,,,,,,,GB41088,,,,,,,,,
,,,,,,,,,,GB43909,,,,,,,,,
,,,,,,,,,,GB41440,,,,,,,,,
,,,,,,,,,,GB48336,,,,,,,,,
,,,,,,,,,,GB47737,,,,,,,,,
,,,,,,,,,,GB54920,,,,,,,,,
,,,,,,,,,,GB55200,,,,,,,,,
,,,,,,,,,,GB49623,,,,,,,,,
,,,,,,,,,,GB43862,,,,,,,,,
,,,,,,,,,,GB48024,,,,,,,,,
,,,,,,,,,,GB42142,,,,,,,,,
,,,,,,,,,,GB48026,,,,,,,,,
,,,,,,,,,,GB42057,,,,,,,,,
,,,,,,,,,,GB42411,,,,,,,,,
,,,,,,,,,,GB49322,,,,,,,,,
,,,,,,,,,,GB50852,,,,,,,,,
,,,,,,,,,,GB48311,,,,,,,,,
,,,,,,,,,,GB45610,,,,,,,,,
,,,,,,,,,,GB48557,,,,,,,,,
,,,,,,,,,,GB41507,,,,,,,,,
,,,,,,,,,,GB45602,,,,,,,,,
,,,,,,,,,,GB53908,,,,,,,,,
,,,,,,,,,,GB51837,,,,,,,,,
,,,,,,,,,,GB50858,,,,,,,,,
,,,,,,,,,,GB40870,,,,,,,,,
,,,,,,,,,,GB46300,,,,,,,,,
,,,,,,,,,,GB43534,,,,,,,,,
,,,,,,,,,,GB48972,,,,,,,,,
,,,,,,,,,,GB45044,,,,,,,,,
,,,,,,,,,,GB42976,,,,,,,,,
,,,,,,,,,,GB43468,,,,,,,,,
,,,,,,,,,,GB42401,,,,,,,,,
,,,,,,,,,,GB49906,,,,,,,,,
,,,,,,,,,,GB40863,,,,,,,,,
,,,,,,,,,,GB41508,,,,,,,,,
,,,,,,,,,,GB50648,,,,,,,,,
,,,,,,,,,,GB55885,,,,,,,,,
,,,,,,,,,,GB47138,,,,,,,,,
,,,,,,,,,,GB42979,,,,,,,,,
,,,,,,,,,,GB43827,,,,,,,,,
,,,,,,,,,,GB51759,,,,,,,,,
,,,,,,,,,,GB48787,,,,,,,,,
,,,,,,,,,,GB44424,,,,,,,,,
,,,,,,,,,,GB50303,,,,,,,,,
,,,,,,,,,,GB55391,,,,,,,,,
,,,,,,,,,,GB48837,,,,,,,,,
,,,,,,,,,,GB40283,,,,,,,,,
,,,,,,,,,,GB44740,,,,,,,,,
,,,,,,,,,,GB49907,,,,,,,,,
,,,,,,,,,,GB50185,,,,,,,,,
,,,,,,,,,,GB48239,,,,,,,,,
,,,,,,,,,,GB43870,,,,,,,,,
,,,,,,,,,,GB43585,,,,,,,,,
,,,,,,,,,,GB43828,,,,,,,,,
,,,,,,,,,,GB40386,,,,,,,,,
,,,,,,,,,,GB49105,,,,,,,,,
,,,,,,,,,,GB44158,,,,,,,,,
,,,,,,,,,,GB40316,,,,,,,,,
,,,,,,,,,,GB51668,,,,,,,,,
,,,,,,,,,,GB46188,,,,,,,,,
,,,,,,,,,,GB40351,,,,,,,,,
,,,,,,,,,,GB46710,,,,,,,,,
,,,,,,,,,,GB44839,,,,,,,,,
,,,,,,,,,,GB49969,,,,,,,,,
,,,,,,,,,,GB42292,,,,,,,,,
,,,,,,,,,,GB50985,,,,,,,,,
,,,,,,,,,,GB56028,,,,,,,,,
,,,,,,,,,,GB54118,,,,,,,,,
,,,,,,,,,,GB41126,,,,,,,,,
,,,,,,,,,,GB40109,,,,,,,,,
,,,,,,,,,,GB42534,,,,,,,,,
,,,,,,,,,,GB44885,,,,,,,,,
,,,,,,,,,,GB41785,,,,,,,,,
,,,,,,,,,,GB51646,,,,,,,,,
,,,,,,,,,,GB43660,,,,,,,,,
,,,,,,,,,,GB52624,,,,,,,,,
,,,,,,,,,,GB49914,,,,,,,,,
,,,,,,,,,,GB43099,,,,,,,,,
,,,,,,,,,,GB50510,,,,,,,,,
,,,,,,,,,,GB42500,,,,,,,,,
,,,,,,,,,,GB54477,,,,,,,,,
,,,,,,,,,,GB50148,,,,,,,,,
,,,,,,,,,,GB48027,,,,,,,,,
,,,,,,,,,,GB40420,,,,,,,,,
,,,,,,,,,,GB53070,,,,,,,,,
,,,,,,,,,,GB43712,,,,,,,,,
,,,,,,,,,,GB54445,,,,,,,,,
,,,,,,,,,,GB55275,,,,,,,,,
,,,,,,,,,,GB46277,,,,,,,,,
,,,,,,,,,,GB50904,,,,,,,,,
,,,,,,,,,,GB51790,,,,,,,,,
,,,,,,,,,,GB43617,,,,,,,,,
,,,,,,,,,,GB43123,,,,,,,,,
,,,,,,,,,,GB48772,,,,,,,,,
,,,,,,,,,,GB41463,,,,,,,,,
,,,,,,,,,,GB55230,,,,,,,,,
,,,,,,,,,,GB49900,,,,,,,,,
,,,,,,,,,,GB50406,,,,,,,,,
,,,,,,,,,,GB48238,,,,,,,,,
,,,,,,,,,,GB52766,,,,,,,,,
,,,,,,,,,,GB52781,,,,,,,,,
,,,,,,,,,,GB44064,,,,,,,,,
,,,,,,,,,,GB47083,,,,,,,,,
,,,,,,,,,,GB49960,,,,,,,,,
,,,,,,,,,,GB54202,,,,,,,,,
,,,,,,,,,,GB52231,,,,,,,,,
,,,,,,,,,,GB45043,,,,,,,,,
,,,,,,,,,,GB44812,,,,,,,,,
,,,,,,,,,,GB42895,,,,,,,,,
,,,,,,,,,,GB51593,,,,,,,,,
,,,,,,,,,,GB52156,,,,,,,,,
,,,,,,,,,,GB41443,,,,,,,,,
,,,,,,,,,,GB53075,,,,,,,,,
,,,,,,,,,,GB55246,,,,,,,,,
,,,,,,,,,,GB45035,,,,,,,,,
,,,,,,,,,,GB47234,,,,,,,,,
,,,,,,,,,,GB43709,,,,,,,,,
,,,,,,,,,,GB40506,,,,,,,,,
,,,,,,,,,,GB43574,,,,,,,,,
,,,,,,,,,,GB55229,,,,,,,,,
,,,,,,,,,,GB49646,,,,,,,,,
,,,,,,,,,,GB40269,,,,,,,,,
,,,,,,,,,,GB52786,,,,,,,,,
,,,,,,,,,,GB49738,,,,,,,,,
,,,,,,,,,,GB45878,,,,,,,,,
,,,,,,,,,,GB46486,,,,,,,,,
,,,,,,,,,,GB52108,,,,,,,,,
,,,,,,,,,,GB55908,,,,,,,,,
,,,,,,,,,,GB55245,,,,,,,,,
,,,,,,,,,,GB44836,,,,,,,,,
,,,,,,,,,,GB55911,,,,,,,,,
,,,,,,,,,,GB44867,,,,,,,,,
,,,,,,,,,,GB48689,,,,,,,,,
,,,,,,,,,,GB42369,,,,,,,,,
,,,,,,,,,,GB55998,,,,,,,,,
,,,,,,,,,,GB54784,,,,,,,,,
,,,,,,,,,,GB49483,,,,,,,,,
,,,,,,,,,,GB53320,,,,,,,,,
,,,,,,,,,,GB46496,,,,,,,,,
,,,,,,,,,,GB55527,,,,,,,,,
,,,,,,,,,,GB50178,,,,,,,,,
,,,,,,,,,,GB42327,,,,,,,,,
,,,,,,,,,,GB54061,,,,,,,,,
,,,,,,,,,,GB43943,,,,,,,,,
,,,,,,,,,,GB40809,,,,,,,,,
,,,,,,,,,,GB55505,,,,,,,,,
,,,,,,,,,,GB56013,,,,,,,,,
,,,,,,,,,,GB50188,,,,,,,,,
,,,,,,,,,,GB55547,,,,,,,,,
,,,,,,,,,,GB55228,,,,,,,,,
,,,,,,,,,,GB50933,,,,,,,,,
,,,,,,,,,,GB44159,,,,,,,,,
,,,,,,,,,,GB53170,,,,,,,,,
,,,,,,,,,,GB48028,,,,,,,,,
,,,,,,,,,,GB49882,,,,,,,,,
,,,,,,,,,,GB53016,,,,,,,,,
,,,,,,,,,,GB52585,,,,,,,,,
,,,,,,,,,,GB40521,,,,,,,,,
,,,,,,,,,,GB40129,,,,,,,,,
,,,,,,,,,,GB47007,,,,,,,,,
,,,,,,,,,,GB53393,,,,,,,,,
,,,,,,,,,,GB43655,,,,,,,,,
,,,,,,,,,,GB50759,,,,,,,,,
,,,,,,,,,,GB42541,,,,,,,,,
,,,,,,,,,,GB54273,,,,,,,,,
,,,,,,,,,,GB44138,,,,,,,,,
,,,,,,,,,,GB49790,,,,,,,,,
,,,,,,,,,,GB42805,,,,,,,,,
,,,,,,,,,,GB51048,,,,,,,,,
,,,,,,,,,,GB50354,,,,,,,,,
,,,,,,,,,,GB50206,,,,,,,,,
,,,,,,,,,,GB54885,,,,,,,,,
,,,,,,,,,,GB44860,,,,,,,,,
,,,,,,,,,,GB52026,,,,,,,,,
,,,,,,,,,,GB45710,,,,,,,,,
,,,,,,,,,,GB45612,,,,,,,,,
,,,,,,,,,,GB54182,,,,,,,,,
,,,,,,,,,,GB50232,,,,,,,,,
,,,,,,,,,,GB42200,,,,,,,,,
,,,,,,,,,,GB47300,,,,,,,,,
,,,,,,,,,,GB46487,,,,,,,,,
,,,,,,,,,,GB40312,,,,,,,,,
,,,,,,,,,,GB43558,,,,,,,,,
,,,,,,,,,,GB48623,,,,,,,,,
,,,,,,,,,,GB42439,,,,,,,,,
,,,,,,,,,,GB53038,,,,,,,,,
,,,,,,,,,,GB41241,,,,,,,,,
,,,,,,,,,,GB41462,,,,,,,,,
,,,,,,,,,,GB43545,,,,,,,,,
,,,,,,,,,,GB52343,,,,,,,,,
,,,,,,,,,,GB51489,,,,,,,,,
,,,,,,,,,,GB53341,,,,,,,,,
,,,,,,,,,,GB51062,,,,,,,,,
,,,,,,,,,,GB43963,,,,,,,,,
,,,,,,,,,,GB55746,,,,,,,,,
,,,,,,,,,,GB53266,,,,,,,,,
,,,,,,,,,,GB48396,,,,,,,,,
,,,,,,,,,,GB44155,,,,,,,,,
,,,,,,,,,,GB51325,,,,,,,,,
,,,,,,,,,,GB53096,,,,,,,,,
,,,,,,,,,,GB43685,,,,,,,,,
,,,,,,,,,,GB52810,,,,,,,,,
,,,,,,,,,,GB51090,,,,,,,,,
,,,,,,,,,,GB40913,,,,,,,,,
,,,,,,,,,,GB41203,,,,,,,,,
,,,,,,,,,,GB41178,,,,,,,,,
,,,,,,,,,,GB49921,,,,,,,,,
,,,,,,,,,,GB45967,,,,,,,,,
,,,,,,,,,,GB47838,,,,,,,,,
,,,,,,,,,,GB52788,,,,,,,,,
,,,,,,,,,,GB42492,,,,,,,,,
,,,,,,,,,,GB44842,,,,,,,,,
,,,,,,,,,,GB53639,,,,,,,,,
,,,,,,,,,,GB51409,,,,,,,,,
,,,,,,,,,,GB44481,,,,,,,,,
,,,,,,,,,,GB46340,,,,,,,,,
,,,,,,,,,,GB54272,,,,,,,,,
,,,,,,,,,,GB52962,,,,,,,,,
,,,,,,,,,,GB40531,,,,,,,,,
,,,,,,,,,,GB41168,,,,,,,,,
,,,,,,,,,,GB53620,,,,,,,,,
,,,,,,,,,,GB50098,,,,,,,,,
,,,,,,,,,,GB51764,,,,,,,,,
,,,,,,,,,,GB55497,,,,,,,,,
,,,,,,,,,,GB53168,,,,,,,,,
,,,,,,,,,,GB52687,,,,,,,,,
,,,,,,,,,,GB51163,,,,,,,,,
,,,,,,,,,,GB41390,,,,,,,,,
,,,,,,,,,,GB41442,,,,,,,,,
,,,,,,,,,,GB52912,,,,,,,,,
,,,,,,,,,,GB48025,,,,,,,,,
,,,,,,,,,,GB52617,,,,,,,,,
,,,,,,,,,,GB44394,,,,,,,,,
,,,,,,,,,,GB44006,,,,,,,,,
,,,,,,,,,,GB54668,,,,,,,,,
,,,,,,,,,,GB50871,,,,,,,,,
,,,,,,,,,,GB52625,,,,,,,,,
,,,,,,,,,,GB50292,,,,,,,,,
,,,,,,,,,,GB52787,,,,,,,,,
,,,,,,,,,,GB55236,,,,,,,,,
,,,,,,,,,,GB55007,,,,,,,,,
,,,,,,,,,,GB43869,,,,,,,,,
,,,,,,,,,,GB50593,,,,,,,,,
,,,,,,,,,,GB41855,,,,,,,,,
,,,,,,,,,,GB46266,,,,,,,,,
,,,,,,,,,,GB52724,,,,,,,,,
,,,,,,,,,,GB54935,,,,,,,,,
,,,,,,,,,,GB49223,,,,,,,,,
,,,,,,,,,,GB46914,,,,,,,,,
,,,,,,,,,,GB51091,,,,,,,,,
,,,,,,,,,,GB43799,,,,,,,,,
,,,,,,,,,,GB55326,,,,,,,,,
,,,,,,,,,,GB44333,,,,,,,,,
,,,,,,,,,,GB46686,,,,,,,,,
,,,,,,,,,,GB45937,,,,,,,,,
,,,,,,,,,,GB54261,,,,,,,,,
,,,,,,,,,,GB51905,,,,,,,,,
,,,,,,,,,,GB40110,,,,,,,,,
,,,,,,,,,,GB52763,,,,,,,,,
,,,,,,,,,,GB43143,,,,,,,,,
,,,,,,,,,,GB51482,,,,,,,,,
,,,,,,,,,,GB41691,,,,,,,,,
,,,,,,,,,,GB52863,,,,,,,,,
,,,,,,,,,,GB54796,,,,,,,,,
,,,,,,,,,,GB44488,,,,,,,,,
,,,,,,,,,,GB50537,,,,,,,,,
,,,,,,,,,,GB47037,,,,,,,,,
,,,,,,,,,,GB41786,,,,,,,,,
,,,,,,,,,,GB40013,,,,,,,,,
,,,,,,,,,,GB50241,,,,,,,,,
,,,,,,,,,,GB55871,,,,,,,,,
,,,,,,,,,,GB52555,,,,,,,,,
,,,,,,,,,,GB55033,,,,,,,,,
,,,,,,,,,,GB51183,,,,,,,,,
,,,,,,,,,,GB42359,,,,,,,,,
,,,,,,,,,,GB42905,,,,,,,,,
,,,,,,,,,,GB52713,,,,,,,,,
,,,,,,,,,,GB46362,,,,,,,,,
,,,,,,,,,,GB46302,,,,,,,,,
,,,,,,,,,,GB54030,,,,,,,,,
,,,,,,,,,,GB45036,,,,,,,,,
,,,,,,,,,,GB48121,,,,,,,,,
,,,,,,,,,,GB51667,,,,,,,,,
,,,,,,,,,,GB43110,,,,,,,,,
,,,,,,,,,,GB55781,,,,,,,,,
,,,,,,,,,,GB52907,,,,,,,,,
,,,,,,,,,,GB45408,,,,,,,,,
,,,,,,,,,,GB53547,,,,,,,,,
,,,,,,,,,,GB55328,,,,,,,,,
,,,,,,,,,,GB44011,,,,,,,,,
,,,,,,,,,,GB50734,,,,,,,,,
,,,,,,,,,,GB45968,,,,,,,,,
,,,,,,,,,,GB50936,,,,,,,,,
,,,,,,,,,,GB49922,,,,,,,,,
,,,,,,,,,,GB42421,,,,,,,,,
,,,,,,,,,,GB50097,,,,,,,,,
,,,,,,,,,,GB49476,,,,,,,,,
,,,,,,,,,,GB41115,,,,,,,,,
,,,,,,,,,,GB46614,,,,,,,,,
,,,,,,,,,,GB44876,,,,,,,,,
,,,,,,,,,,GB44137,,,,,,,,,
,,,,,,,,,,GB41839,,,,,,,,,
,,,,,,,,,,GB53142,,,,,,,,,
,,,,,,,,,,GB52877,,,,,,,,,
,,,,,,,,,,GB46159,,,,,,,,,
,,,,,,,,,,GB42606,,,,,,,,,
,,,,,,,,,,GB44475,,,,,,,,,
,,,,,,,,,,GB50558,,,,,,,,,
,,,,,,,,,,GB44139,,,,,,,,,
,,,,,,,,,,GB52346,,,,,,,,,
,,,,,,,,,,GB52020,,,,,,,,,
,,,,,,,,,,GB53299,,,,,,,,,
,,,,,,,,,,GB47939,,,,,,,,,
,,,,,,,,,,GB55820,,,,,,,,,
,,,,,,,,,,GB47299,,,,,,,,,
,,,,,,,,,,GB53287,,,,,,,,,
,,,,,,,,,,GB40234,,,,,,,,,
,,,,,,,,,,GB55603,,,,,,,,,
,,,,,,,,,,GB47255,,,,,,,,,
,,,,,,,,,,GB49166,,,,,,,,,
,,,,,,,,,,GB49449,,,,,,,,,
,,,,,,,,,,GB47515,,,,,,,,,
,,,,,,,,,,GB45511,,,,,,,,,
,,,,,,,,,,GB47729,,,,,,,,,
,,,,,,,,,,GB48673,,,,,,,,,
,,,,,,,,,,GB47869,,,,,,,,,
,,,,,,,,,,GB53073,,,,,,,,,
,,,,,,,,,,GB44482,,,,,,,,,
,,,,,,,,,,GB53008,,,,,,,,,
,,,,,,,,,,GB47267,,,,,,,,,
,,,,,,,,,,GB42831,,,,,,,,,
,,,,,,,,,,GB53162,,,,,,,,,
,,,,,,,,,,GB46240,,,,,,,,,
,,,,,,,,,,GB42866,,,,,,,,,
,,,,,,,,,,GB55548,,,,,,,,,
,,,,,,,,,,GB41474,,,,,,,,,
,,,,,,,,,,GB46696,,,,,,,,,
,,,,,,,,,,GB42328,,,,,,,,,
,,,,,,,,,,GB45974,,,,,,,,,
,,,,,,,,,,GB51284,,,,,,,,,
,,,,,,,,,,GB45973,,,,,,,,,
,,,,,,,,,,GB50238,,,,,,,,,
,,,,,,,,,,GB50482,,,,,,,,,
,,,,,,,,,,GB50532,,,,,,,,,
,,,,,,,,,,GB52133,,,,,,,,,
,,,,,,,,,,GB46170,,,,,,,,,
,,,,,,,,,,GB41827,,,,,,,,,
,,,,,,,,,,GB47391,,,,,,,,,
,,,,,,,,,,GB47302,,,,,,,,,
,,,,,,,,,,GB43803,,,,,,,,,
,,,,,,,,,,GB44859,,,,,,,,,
,,,,,,,,,,GB41596,,,,,,,,,
,,,,,,,,,,GB47581,,,,,,,,,
,,,,,,,,,,GB44858,,,,,,,,,
,,,,,,,,,,GB42858,,,,,,,,,
,,,,,,,,,,GB47217,,,,,,,,,
,,,,,,,,,,GB45850,,,,,,,,,
,,,,,,,,,,GB42135,,,,,,,,,
,,,,,,,,,,GB43198,,,,,,,,,
,,,,,,,,,,GB42728,,,,,,,,,
,,,,,,,,,,GB49224,,,,,,,,,
,,,,,,,,,,GB40552,,,,,,,,,
,,,,,,,,,,GB47799,,,,,,,,,
,,,,,,,,,,GB40522,,,,,,,,,
,,,,,,,,,,GB48301,,,,,,,,,
,,,,,,,,,,GB51834,,,,,,,,,
,,,,,,,,,,GB40128,,,,,,,,,
,,,,,,,,,,GB51843,,,,,,,,,
,,,,,,,,,,GB51841,,,,,,,,,
,,,,,,,,,,GB49830,,,,,,,,,
,,,,,,,,,,GB54443,,,,,,,,,
,,,,,,,,,,GB41734,,,,,,,,,
,,,,,,,,,,GB48143,,,,,,,,,
,,,,,,,,,,GB45150,,,,,,,,,
,,,,,,,,,,GB51063,,,,,,,,,
,,,,,,,,,,GB55515,,,,,,,,,
,,,,,,,,,,GB51833,,,,,,,,,
,,,,,,,,,,GB40751,,,,,,,,,
,,,,,,,,,,GB54151,,,,,,,,,
,,,,,,,,,,GB45140,,,,,,,,,
,,,,,,,,,,GB50610,,,,,,,,,
,,,,,,,,,,GB51051,,,,,,,,,
,,,,,,,,,,GB53992,,,,,,,,,
,,,,,,,,,,GB49778,,,,,,,,,
,,,,,,,,,,GB46513,,,,,,,,,
,,,,,,,,,,GB41520,,,,,,,,,
,,,,,,,,,,GB53809,,,,,,,,,
,,,,,,,,,,GB50585,,,,,,,,,
,,,,,,,,,,GB51787,,,,,,,,,
,,,,,,,,,,GB42942,,,,,,,,,
,,,,,,,,,,GB41406,,,,,,,,,
,,,,,,,,,,GB49150,,,,,,,,,
,,,,,,,,,,GB44811,,,,,,,,,
,,,,,,,,,,GB42183,,,,,,,,,
,,,,,,,,,,GB43120,,,,,,,,,
,,,,,,,,,,GB47749,,,,,,,,,
,,,,,,,,,,GB52438,,,,,,,,,
,,,,,,,,,,GB54080,,,,,,,,,
,,,,,,,,,,GB50223,,,,,,,,,
,,,,,,,,,,GB44075,,,,,,,,,
,,,,,,,,,,GB47931,,,,,,,,,
,,,,,,,,,,GB48142,,,,,,,,,
,,,,,,,,,,GB50946,,,,,,,,,
,,,,,,,,,,GB46965,,,,,,,,,
,,,,,,,,,,GB55879,,,,,,,,,
,,,,,,,,,,GB48384,,,,,,,,,
,,,,,,,,,,GB52052,,,,,,,,,
,,,,,,,,,,GB48813,,,,,,,,,
,,,,,,,,,,GB52466,,,,,,,,,
,,,,,,,,,,GB41863,,,,,,,,,
,,,,,,,,,,GB51370,,,,,,,,,
,,,,,,,,,,GB55291,,,,,,,,,
,,,,,,,,,,GB47957,,,,,,,,,
,,,,,,,,,,GB55878,,,,,,,,,
,,,,,,,,,,GB54152,,,,,,,,,
,,,,,,,,,,GB55995,,,,,,,,,
,,,,,,,,,,GB53961,,,,,,,,,
,,,,,,,,,,GB47951,,,,,,,,,
,,,,,,,,,,GB40313,,,,,,,,,
,,,,,,,,,,GB41844,,,,,,,,,
,,,,,,,,,,GB47496,,,,,,,,,
,,,,,,,,,,GB45278,,,,,,,,,
,,,,,,,,,,GB45711,,,,,,,,,
,,,,,,,,,,GB52714,,,,,,,,,
,,,,,,,,,,GB40868,,,,,,,,,
,,,,,,,,,,GB54996,,,,,,,,,
,,,,,,,,,,GB50782,,,,,,,,,
,,,,,,,,,,GB43619,,,,,,,,,
,,,,,,,,,,GB45053,,,,,,,,,
,,,,,,,,,,GB45943,,,,,,,,,
,,,,,,,,,,GB41944,,,,,,,,,
,,,,,,,,,,GB43142,,,,,,,,,
,,,,,,,,,,GB55877,,,,,,,,,
,,,,,,,,,,GB54538,,,,,,,,,
,,,,,,,,,,GB52711,,,,,,,,,
,,,,,,,,,,GB50781,,,,,,,,,
,,,,,,,,,,GB44831,,,,,,,,,
,,,,,,,,,,GB40203,,,,,,,,,
,,,,,,,,,,GB46485,,,,,,,,,
,,,,,,,,,,GB55591,,,,,,,,,
,,,,,,,,,,GB40735,,,,,,,,,
,,,,,,,,,,GB46157,,,,,,,,,
,,,,,,,,,,GB55611,,,,,,,,,
,,,,,,,,,,GB44939,,,,,,,,,
,,,,,,,,,,GB54149,,,,,,,,,
,,,,,,,,,,GB43897,,,,,,,,,
,,,,,,,,,,GB41917,,,,,,,,,
,,,,,,,,,,GB50829,,,,,,,,,
,,,,,,,,,,GB42477,,,,,,,,,
,,,,,,,,,,GB50263,,,,,,,,,
,,,,,,,,,,GB48678,,,,,,,,,
,,,,,,,,,,GB55929,,,,,,,,,
,,,,,,,,,,GB54738,,,,,,,,,
,,,,,,,,,,GB51056,,,,,,,,,
,,,,,,,,,,GB52758,,,,,,,,,
,,,,,,,,,,GB53268,,,,,,,,,
,,,,,,,,,,GB52017,,,,,,,,,
,,,,,,,,,,GB48159,,,,,,,,,
,,,,,,,,,,GB50953,,,,,,,,,
,,,,,,,,,,GB41950,,,,,,,,,
,,,,,,,,,,GB51326,,,,,,,,,
,,,,,,,,,,GB52618,,,,,,,,,
,,,,,,,,,,GB47502,,,,,,,,,
,,,,,,,,,,GB43407,,,,,,,,,
,,,,,,,,,,GB51901,,,,,,,,,
,,,,,,,,,,GB50531,,,,,,,,,
,,,,,,,,,,GB47940,,,,,,,,,
,,,,,,,,,,GB44956,,,,,,,,,
,,,,,,,,,,GB41704,,,,,,,,,
,,,,,,,,,,GB55199,,,,,,,,,
,,,,,,,,,,GB52342,,,,,,,,,
,,,,,,,,,,GB50361,,,,,,,,,
,,,,,,,,,,GB55153,,,,,,,,,
,,,,,,,,,,GB48274,,,,,,,,,
,,,,,,,,,,GB49233,,,,,,,,,
,,,,,,,,,,GB50222,,,,,,,,,
,,,,,,,,,,GB44146,,,,,,,,,
,,,,,,,,,,GB55622,,,,,,,,,
,,,,,,,,,,GB51287,,,,,,,,,
,,,,,,,,,,GB53401,,,,,,,,,
,,,,,,,,,,GB55582,,,,,,,,,
,,,,,,,,,,GB49567,,,,,,,,,
,,,,,,,,,,GB43612,,,,,,,,,
,,,,,,,,,,GB55300,,,,,,,,,
,,,,,,,,,,GB54506,,,,,,,,,
,,,,,,,,,,GB45617,,,,,,,,,
,,,,,,,,,,GB40278,,,,,,,,,
,,,,,,,,,,GB48709,,,,,,,,,
,,,,,,,,,,GB40145,,,,,,,,,
,,,,,,,,,,GB48894,,,,,,,,,
,,,,,,,,,,GB50795,,,,,,,,,
,,,,,,,,,,GB52955,,,,,,,,,
,,,,,,,,,,GB49021,,,,,,,,,
,,,,,,,,,,GB43974,,,,,,,,,
,,,,,,,,,,GB55154,,,,,,,,,
,,,,,,,,,,GB41289,,,,,,,,,
,,,,,,,,,,GB44002,,,,,,,,,
,,,,,,,,,,GB50874,,,,,,,,,
,,,,,,,,,,GB41821,,,,,,,,,
,,,,,,,,,,GB54819,,,,,,,,,
,,,,,,,,,,GB40687,,,,,,,,,
,,,,,,,,,,GB47470,,,,,,,,,
,,,,,,,,,,GB53367,,,,,,,,,
,,,,,,,,,,GB51844,,,,,,,,,
,,,,,,,,,,GB53887,,,,,,,,,
,,,,,,,,,,GB40266,,,,,,,,,
,,,,,,,,,,GB51527,,,,,,,,,
,,,,,,,,,,GB50671,,,,,,,,,
,,,,,,,,,,GB55875,,,,,,,,,
,,,,,,,,,,GB46720,,,,,,,,,
,,,,,,,,,,GB54142,,,,,,,,,
,,,,,,,,,,GB47934,,,,,,,,,
,,,,,,,,,,GB45054,,,,,,,,,
,,,,,,,,,,GB47693,,,,,,,,,
,,,,,,,,,,GB43802,,,,,,,,,
,,,,,,,,,,GB40772,,,,,,,,,
,,,,,,,,,,GB50442,,,,,,,,,
,,,,,,,,,,GB45141,,,,,,,,,
,,,,,,,,,,GB48790,,,,,,,,,
,,,,,,,,,,GB52891,,,,,,,,,
,,,,,,,,,,GB42294,,,,,,,,,
,,,,,,,,,,GB45966,,,,,,,,,
,,,,,,,,,,GB51268,,,,,,,,,
,,,,,,,,,,GB41000,,,,,,,,,
,,,,,,,,,,GB41817,,,,,,,,,
,,,,,,,,,,GB43019,,,,,,,,,
,,,,,,,,,,GB55874,,,,,,,,,
,,,,,,,,,,GB43054,,,,,,,,,
,,,,,,,,,,GB51479,,,,,,,,,
,,,,,,,,,,GB46966,,,,,,,,,
,,,,,,,,,,GB49952,,,,,,,,,
,,,,,,,,,,GB49730,,,,,,,,,
,,,,,,,,,,GB54161,,,,,,,,,
,,,,,,,,,,GB48055,,,,,,,,,
,,,,,,,,,,GB50974,,,,,,,,,
,,,,,,,,,,GB50835,,,,,,,,,
,,,,,,,,,,GB50911,,,,,,,,,
,,,,,,,,,,GB53711,,,,,,,,,
,,,,,,,,,,GB41732,,,,,,,,,
,,,,,,,,,,GB47728,,,,,,,,,
,,,,,,,,,,GB43541,,,,,,,,,
,,,,,,,,,,GB44613,,,,,,,,,
,,,,,,,,,,GB44296,,,,,,,,,
,,,,,,,,,,GB51442,,,,,,,,,
,,,,,,,,,,GB43911,,,,,,,,,
,,,,,,,,,,GB43710,,,,,,,,,
,,,,,,,,,,GB51760,,,,,,,,,
,,,,,,,,,,GB41923,,,,,,,,,
,,,,,,,,,,GB43033,,,,,,,,,
,,,,,,,,,,GB40132,,,,,,,,,
,,,,,,,,,,GB53274,,,,,,,,,
,,,,,,,,,,GB51845,,,,,,,,,
,,,,,,,,,,GB44500,,,,,,,,,
,,,,,,,,,,GB45497,,,,,,,,,
,,,,,,,,,,GB55325,,,,,,,,,
,,,,,,,,,,GB54274,,,,,,,,,
,,,,,,,,,,GB40370,,,,,,,,,
,,,,,,,,,,GB48633,,,,,,,,,
,,,,,,,,,,GB42924,,,,,,,,,
,,,,,,,,,,GB44093,,,,,,,,,
,,,,,,,,,,GB46564,,,,,,,,,
,,,,,,,,,,GB47399,,,,,,,,,
,,,,,,,,,,GB44092,,,,,,,,,
,,,,,,,,,,GB55604,,,,,,,,,
,,,,,,,,,,GB55526,,,,,,,,,
,,,,,,,,,,GB55386,,,,,,,,,
,,,,,,,,,,GB47256,,,,,,,,,
,,,,,,,,,,GB42618,,,,,,,,,
,,,,,,,,,,GB40625,,,,,,,,,
,,,,,,,,,,GB42547,,,,,,,,,
,,,,,,,,,,GB47582,,,,,,,,,
,,,,,,,,,,GB42865,,,,,,,,,
,,,,,,,,,,GB54203,,,,,,,,,
,,,,,,,,,,GB49732,,,,,,,,,
,,,,,,,,,,GB53512,,,,,,,,,
,,,,,,,,,,GB46076,,,,,,,,,
,,,,,,,,,,GB45842,,,,,,,,,
,,,,,,,,,,GB50506,,,,,,,,,
,,,,,,,,,,GB52741,,,,,,,,,
,,,,,,,,,,GB47056,,,,,,,,,
,,,,,,,,,,GB53862,,,,,,,,,
,,,,,,,,,,GB45220,,,,,,,,,
,,,,,,,,,,GB43298,,,,,,,,,
,,,,,,,,,,GB50780,,,,,,,,,
,,,,,,,,,,GB55815,,,,,,,,,
,,,,,,,,,,GB44493,,,,,,,,,
,,,,,,,,,,GB42889,,,,,,,,,
,,,,,,,,,,GB41782,,,,,,,,,
,,,,,,,,,,GB50466,,,,,,,,,
,,,,,,,,,,GB42304,,,,,,,,,
,,,,,,,,,,GB48539,,,,,,,,,
,,,,,,,,,,GB48056,,,,,,,,,
,,,,,,,,,,GB47929,,,,,,,,,
,,,,,,,,,,GB50091,,,,,,,,,
,,,,,,,,,,GB55032,,,,,,,,,
,,,,,,,,,,GB40012,,,,,,,,,
,,,,,,,,,,GB52756,,,,,,,,,
,,,,,,,,,,GB53751,,,,,,,,,
,,,,,,,,,,GB52014,,,,,,,,,
,,,,,,,,,,GB48343,,,,,,,,,
,,,,,,,,,,GB41862,,,,,,,,,
,,,,,,,,,,GB52145,,,,,,,,,
,,,,,,,,,,GB55483,,,,,,,,,
,,,,,,,,,,GB53253,,,,,,,,,
,,,,,,,,,,GB45090,,,,,,,,,
,,,,,,,,,,GB53503,,,,,,,,,
,,,,,,,,,,GB49275,,,,,,,,,
,,,,,,,,,,GB53493,,,,,,,,,
,,,,,,,,,,GB49289,,,,,,,,,
,,,,,,,,,,GB47503,,,,,,,,,
,,,,,,,,,,GB55347,,,,,,,,,
,,,,,,,,,,GB52467,,,,,,,,,
,,,,,,,,,,GB55850,,,,,,,,,
,,,,,,,,,,GB53385,,,,,,,,,
,,,,,,,,,,GB40566,,,,,,,,,
,,,,,,,,,,GB45714,,,,,,,,,
,,,,,,,,,,GB52304,,,,,,,,,
,,,,,,,,,,GB46127,,,,,,,,,
,,,,,,,,,,GB51645,,,,,,,,,
,,,,,,,,,,GB40998,,,,,,,,,
,,,,,,,,,,GB43584,,,,,,,,,
,,,,,,,,,,GB40086,,,,,,,,,
,,,,,,,,,,GB47132,,,,,,,,,
,,,,,,,,,,GB42834,,,,,,,,,
,,,,,,,,,,GB40335,,,,,,,,,
,,,,,,,,,,GB51002,,,,,,,,,
,,,,,,,,,,GB54076,,,,,,,,,
,,,,,,,,,,GB45152,,,,,,,,,
,,,,,,,,,,GB53791,,,,,,,,,
,,,,,,,,,,GB51530,,,,,,,,,
,,,,,,,,,,GB48967,,,,,,,,,
,,,,,,,,,,GB53511,,,,,,,,,
,,,,,,,,,,GB47536,,,,,,,,,
,,,,,,,,,,GB46221,,,,,,,,,
,,,,,,,,,,GB46506,,,,,,,,,
,,,,,,,,,,GB48060,,,,,,,,,
,,,,,,,,,,GB42232,,,,,,,,,
,,,,,,,,,,GB49598,,,,,,,,,
,,,,,,,,,,GB51604,,,,,,,,,
,,,,,,,,,,GB53598,,,,,,,,,
,,,,,,,,,,GB52785,,,,,,,,,
,,,,,,,,,,GB43715,,,,,,,,,
,,,,,,,,,,GB50415,,,,,,,,,
,,,,,,,,,,GB53779,,,,,,,,,
,,,,,,,,,,GB53013,,,,,,,,,
,,,,,,,,,,GB48146,,,,,,,,,
,,,,,,,,,,GB51057,,,,,,,,,
,,,,,,,,,,GB50826,,,,,,,,,
,,,,,,,,,,GB43052,,,,,,,,,
,,,,,,,,,,GB54922,,,,,,,,,
,,,,,,,,,,GB50932,,,,,,,,,
,,,,,,,,,,GB44476,,,,,,,,,
,,,,,,,,,,GB48032,,,,,,,,,
,,,,,,,,,,GB54554,,,,,,,,,
,,,,,,,,,,GB48632,,,,,,,,,
,,,,,,,,,,GB44145,,,,,,,,,
,,,,,,,,,,GB51371,,,,,,,,,
,,,,,,,,,,GB47549,,,,,,,,,
,,,,,,,,,,GB41730,,,,,,,,,
,,,,,,,,,,GB53100,,,,,,,,,
,,,,,,,,,,GB46883,,,,,,,,,
,,,,,,,,,,GB42727,,,,,,,,,
,,,,,,,,,,GB47730,,,,,,,,,
,,,,,,,,,,GB51059,,,,,,,,,
,,,,,,,,,,GB53535,,,,,,,,,
,,,,,,,,,,GB46055,,,,,,,,,
,,,,,,,,,,GB44017,,,,,,,,,
,,,,,,,,,,GB55751,,,,,,,,,
,,,,,,,,,,GB47625,,,,,,,,,
,,,,,,,,,,GB42803,,,,,,,,,
,,,,,,,,,,GB54723,,,,,,,,,
,,,,,,,,,,GB49725,,,,,,,,,
,,,,,,,,,,GB51852,,,,,,,,,
,,,,,,,,,,GB46861,,,,,,,,,
,,,,,,,,,,GB49010,,,,,,,,,
,,,,,,,,,,GB50622,,,,,,,,,
,,,,,,,,,,GB44632,,,,,,,,,
,,,,,,,,,,GB54728,,,,,,,,,
,,,,,,,,,,GB51828,,,,,,,,,
,,,,,,,,,,GB54549,,,,,,,,,
,,,,,,,,,,GB49260,,,,,,,,,
,,,,,,,,,,GB43276,,,,,,,,,
,,,,,,,,,,GB40554,,,,,,,,,
,,,,,,,,,,GB50975,,,,,,,,,
,,,,,,,,,,GB45962,,,,,,,,,
,,,,,,,,,,GB45911,,,,,,,,,
,,,,,,,,,,GB45803,,,,,,,,,
,,,,,,,,,,GB50469,,,,,,,,,
,,,,,,,,,,GB44477,,,,,,,,,
,,,,,,,,,,GB43447,,,,,,,,,
,,,,,,,,,,GB50533,,,,,,,,,
,,,,,,,,,,GB50573,,,,,,,,,
,,,,,,,,,,GB41383,,,,,,,,,
,,,,,,,,,,GB50047,,,,,,,,,
,,,,,,,,,,GB40409,,,,,,,,,
,,,,,,,,,,GB43543,,,,,,,,,
,,,,,,,,,,GB44582,,,,,,,,,
,,,,,,,,,,GB49774,,,,,,,,,
,,,,,,,,,,GB54257,,,,,,,,,
,,,,,,,,,,GB54818,,,,,,,,,
,,,,,,,,,,GB50976,,,,,,,,,
,,,,,,,,,,GB40074,,,,,,,,,
,,,,,,,,,,GB42794,,,,,,,,,
,,,,,,,,,,GB52723,,,,,,,,,
,,,,,,,,,,GB55729,,,,,,,,,
,,,,,,,,,,GB44584,,,,,,,,,
,,,,,,,,,,GB47401,,,,,,,,,
,,,,,,,,,,GB44583,,,,,,,,,
,,,,,,,,,,GB40006,,,,,,,,,
,,,,,,,,,,GB45984,,,,,,,,,
,,,,,,,,,,GB44954,,,,,,,,,
,,,,,,,,,,GB54150,,,,,,,,,
,,,,,,,,,,GB49866,,,,,,,,,
,,,,,,,,,,GB51185,,,,,,,,,
,,,,,,,,,,GB48046,,,,,,,,,
,,,,,,,,,,GB49793,,,,,,,,,
,,,,,,,,,,GB40114,,,,,,,,,
,,,,,,,,,,GB50236,,,,,,,,,
,,,,,,,,,,GB49993,,,,,,,,,
,,,,,,,,,,GB50572,,,,,,,,,
,,,,,,,,,,GB52635,,,,,,,,,
,,,,,,,,,,GB50247,,,,,,,,,
,,,,,,,,,,GB51058,,,,,,,,,
,,,,,,,,,,GB45708,,,,,,,,,
,,,,,,,,,,GB51558,,,,,,,,,
,,,,,,,,,,GB52447,,,,,,,,,
,,,,,,,,,,GB53286,,,,,,,,,
,,,,,,,,,,GB54627,,,,,,,,,
,,,,,,,,,,GB52028,,,,,,,,,
,,,,,,,,,,GB45713,,,,,,,,,
,,,,,,,,,,GB52776,,,,,,,,,
,,,,,,,,,,GB49445,,,,,,,,,
,,,,,,,,,,GB54724,,,,,,,,,
,,,,,,,,,,GB43446,,,,,,,,,
,,,,,,,,,,GB45040,,,,,,,,,
,,,,,,,,,,GB48454,,,,,,,,,
,,,,,,,,,,GB50320,,,,,,,,,
,,,,,,,,,,GB50930,,,,,,,,,
,,,,,,,,,,GB48155,,,,,,,,,
,,,,,,,,,,GB50417,,,,,,,,,
,,,,,,,,,,GB41464,,,,,,,,,
,,,,,,,,,,GB51293,,,,,,,,,
,,,,,,,,,,GB52134,,,,,,,,,
,,,,,,,,,,GB49735,,,,,,,,,
,,,,,,,,,,GB42792,,,,,,,,,
,,,,,,,,,,GB45056,,,,,,,,,
,,,,,,,,,,GB45377,,,,,,,,,
,,,,,,,,,,GB55599,,,,,,,,,
,,,,,,,,,,GB49657,,,,,,,,,
,,,,,,,,,,GB42729,,,,,,,,,
,,,,,,,,,,GB44711,,,,,,,,,
,,,,,,,,,,GB51808,,,,,,,,,
,,,,,,,,,,GB53780,,,,,,,,,
,,,,,,,,,,GB55329,,,,,,,,,
,,,,,,,,,,GB50521,,,,,,,,,
,,,,,,,,,,GB43205,,,,,,,,,
,,,,,,,,,,GB54507,,,,,,,,,
,,,,,,,,,,GB48806,,,,,,,,,
,,,,,,,,,,GB40667,,,,,,,,,
,,,,,,,,,,GB55016,,,,,,,,,
,,,,,,,,,,GB42578,,,,,,,,,
,,,,,,,,,,GB54167,,,,,,,,,
,,,,,,,,,,GB43053,,,,,,,,,
,,,,,,,,,,GB42585,,,,,,,,,
,,,,,,,,,,GB45581,,,,,,,,,
,,,,,,,,,,GB47133,,,,,,,,,
,,,,,,,,,,GB50433,,,,,,,,,
,,,,,,,,,,GB53848,,,,,,,,,
,,,,,,,,,,GB54060,,,,,,,,,
,,,,,,,,,,GB42199,,,,,,,,,
,,,,,,,,,,GB53689,,,,,,,,,
,,,,,,,,,,GB49663,,,,,,,,,
,,,,,,,,,,GB50837,,,,,,,,,
,,,,,,,,,,GB51380,,,,,,,,,
,,,,,,,,,,GB49362,,,,,,,,,
,,,,,,,,,,GB44074,,,,,,,,,
,,,,,,,,,,GB47551,,,,,,,,,
,,,,,,,,,,GB51428,,,,,,,,,
,,,,,,,,,,GB47938,,,,,,,,,
,,,,,,,,,,GB41495,,,,,,,,,
,,,,,,,,,,GB42784,,,,,,,,,
,,,,,,,,,,GB48399,,,,,,,,,
,,,,,,,,,,GB47511,,,,,,,,,
,,,,,,,,,,GB41997,,,,,,,,,
,,,,,,,,,,GB53544,,,,,,,,,
,,,,,,,,,,GB41622,,,,,,,,,
,,,,,,,,,,GB41728,,,,,,,,,
,,,,,,,,,,GB50137,,,,,,,,,
,,,,,,,,,,GB54144,,,,,,,,,
,,,,,,,,,,GB42288,,,,,,,,,
,,,,,,,,,,GB53226,,,,,,,,,
,,,,,,,,,,GB50612,,,,,,,,,
,,,,,,,,,,GB40008,,,,,,,,,
,,,,,,,,,,GB56029,,,,,,,,,
,,,,,,,,,,GB43738,,,,,,,,,
,,,,,,,,,,GB54175,,,,,,,,,
,,,,,,,,,,GB46721,,,,,,,,,
,,,,,,,,,,GB55598,,,,,,,,,
,,,,,,,,,,GB51011,,,,,,,,,
,,,,,,,,,,GB45211,,,,,,,,,
,,,,,,,,,,GB45874,,,,,,,,,
,,,,,,,,,,GB42536,,,,,,,,,
,,,,,,,,,,GB55851,,,,,,,,,
,,,,,,,,,,GB54690,,,,,,,,,
,,,,,,,,,,GB44739,,,,,,,,,
,,,,,,,,,,GB40926,,,,,,,,,
,,,,,,,,,,GB40636,,,,,,,,,
,,,,,,,,,,GB50827,,,,,,,,,
,,,,,,,,,,GB41662,,,,,,,,,
,,,,,,,,,,GB53285,,,,,,,,,
,,,,,,,,,,GB41061,,,,,,,,,
,,,,,,,,,,GB52157,,,,,,,,,
,,,,,,,,,,GB47990,,,,,,,,,
,,,,,,,,,,GB41310,,,,,,,,,
,,,,,,,,,,GB52929,,,,,,,,,
,,,,,,,,,,GB47952,,,,,,,,,
,,,,,,,,,,GB46007,,,,,,,,,
,,,,,,,,,,GB42609,,,,,,,,,
,,,,,,,,,,GB53316,,,,,,,,,
,,,,,,,,,,GB47490,,,,,,,,,
,,,,,,,,,,GB44501,,,,,,,,,
,,,,,,,,,,GB41773,,,,,,,,,
,,,,,,,,,,GB50973,,,,,,,,,
,,,,,,,,,,GB41659,,,,,,,,,
,,,,,,,,,,GB48743,,,,,,,,,
,,,,,,,,,,GB43713,,,,,,,,,
,,,,,,,,,,GB50048,,,,,,,,,
,,,,,,,,,,GB55471,,,,,,,,,
,,,,,,,,,,GB45203,,,,,,,,,
,,,,,,,,,,GB40910,,,,,,,,,
,,,,,,,,,,GB40997,,,,,,,,,
,,,,,,,,,,GB42795,,,,,,,,,
,,,,,,,,,,GB42286,,,,,,,,,
,,,,,,,,,,GB47872,,,,,,,,,
,,,,,,,,,,GB42833,,,,,,,,,
,,,,,,,,,,GB52023,,,,,,,,,
,,,,,,,,,,GB51288,,,,,,,,,
,,,,,,,,,,GB42704,,,,,,,,,
,,,,,,,,,,GB53104,,,,,,,,,
,,,,,,,,,,GB41861,,,,,,,,,
,,,,,,,,,,GB53404,,,,,,,,,
,,,,,,,,,,GB44229,,,,,,,,,
,,,,,,,,,,GB46843,,,,,,,,,
,,,,,,,,,,GB49716,,,,,,,,,
,,,,,,,,,,GB40450,,,,,,,,,
,,,,,,,,,,GB45625,,,,,,,,,
,,,,,,,,,,GB40007,,,,,,,,,
,,,,,,,,,,GB44710,,,,,,,,,
,,,,,,,,,,GB52504,,,,,,,,,
,,,,,,,,,,GB51012,,,,,,,,,
,,,,,,,,,,GB44191,,,,,,,,,
,,,,,,,,,,GB49385,,,,,,,,,
,,,,,,,,,,GB47779,,,,,,,,,
,,,,,,,,,,GB52033,,,,,,,,,
,,,,,,,,,,GB51128,,,,,,,,,
,,,,,,,,,,GB50836,,,,,,,,,
,,,,,,,,,,GB42735,,,,,,,,,
,,,,,,,,,,GB48389,,,,,,,,,
,,,,,,,,,,GB46062,,,,,,,,,
,,,,,,,,,,GB41044,,,,,,,,,
,,,,,,,,,,GB41306,,,,,,,,,
,,,,,,,,,,GB49577,,,,,,,,,
,,,,,,,,,,GB41308,,,,,,,,,
,,,,,,,,,,GB54073,,,,,,,,,
,,,,,,,,,,GB44409,,,,,,,,,
,,,,,,,,,,GB45951,,,,,,,,,
,,,,,,,,,,GB47404,,,,,,,,,
,,,,,,,,,,GB48020,,,,,,,,,
,,,,,,,,,,GB47119,,,,,,,,,
,,,,,,,,,,GB42832,,,,,,,,,
,,,,,,,,,,GB50439,,,,,,,,,
,,,,,,,,,,GB46410,,,,,,,,,
,,,,,,,,,,GB51447,,,,,,,,,
,,,,,,,,,,GB55728,,,,,,,,,
,,,,,,,,,,GB41540,,,,,,,,,
,,,,,,,,,,GB54239,,,,,,,,,
,,,,,,,,,,GB48785,,,,,,,,,
,,,,,,,,,,GB46704,,,,,,,,,
,,,,,,,,,,GB43005,,,,,,,,,
,,,,,,,,,,GB47948,,,,,,,,,
,,,,,,,,,,GB40076,,,,,,,,,
,,,,,,,,,,GB40147,,,,,,,,,
,,,,,,,,,,GB49295,,,,,,,,,
,,,,,,,,,,GB55650,,,,,,,,,
,,,,,,,,,,GB41332,,,,,,,,,
,,,,,,,,,,GB50569,,,,,,,,,
,,,,,,,,,,GB52802,,,,,,,,,
,,,,,,,,,,GB48167,,,,,,,,,
,,,,,,,,,,GB47094,,,,,,,,,
,,,,,,,,,,GB43846,,,,,,,,,
,,,,,,,,,,GB47493,,,,,,,,,
,,,,,,,,,,GB48443,,,,,,,,,
,,,,,,,,,,GB55364,,,,,,,,,
,,,,,,,,,,GB48786,,,,,,,,,
,,,,,,,,,,GB40443,,,,,,,,,
,,,,,,,,,,GB50120,,,,,,,,,
,,,,,,,,,,GB42801,,,,,,,,,
,,,,,,,,,,GB51317,,,,,,,,,
,,,,,,,,,,GB50505,,,,,,,,,
,,,,,,,,,,GB44134,,,,,,,,,
,,,,,,,,,,GB40273,,,,,,,,,
,,,,,,,,,,GB42493,,,,,,,,,
,,,,,,,,,,GB52040,,,,,,,,,
,,,,,,,,,,GB56032,,,,,,,,,
,,,,,,,,,,GB49847,,,,,,,,,
,,,,,,,,,,GB50722,,,,,,,,,
,,,,,,,,,,GB53161,,,,,,,,,
,,,,,,,,,,GB46571,,,,,,,,,
,,,,,,,,,,GB40871,,,,,,,,,
,,,,,,,,,,GB50416,,,,,,,,,
,,,,,,,,,,GB41552,,,,,,,,,
,,,,,,,,,,GB47400,,,,,,,,,
,,,,,,,,,,GB43029,,,,,,,,,
,,,,,,,,,,GB46046,,,,,,,,,
,,,,,,,,,,GB50561,,,,,,,,,
,,,,,,,,,,GB46791,,,,,,,,,
,,,,,,,,,,GB53276,,,,,,,,,
,,,,,,,,,,GB50922,,,,,,,,,
,,,,,,,,,,GB51788,,,,,,,,,
,,,,,,,,,,GB47584,,,,,,,,,
,,,,,,,,,,GB41722,,,,,,,,,
,,,,,,,,,,GB42275,,,,,,,,,
,,,,,,,,,,GB40734,,,,,,,,,
,,,,,,,,,,GB44955,,,,,,,,,
,,,,,,,,,,GB48978,,,,,,,,,
,,,,,,,,,,GB48098,,,,,,,,,
,,,,,,,,,,GB54943,,,,,,,,,
,,,,,,,,,,GB47055,,,,,,,,,
,,,,,,,,,,GB49683,,,,,,,,,
,,,,,,,,,,GB50353,,,,,,,,,
,,,,,,,,,,GB46705,,,,,,,,,
,,,,,,,,,,GB43751,,,,,,,,,
,,,,,,,,,,GB51560,,,,,,,,,
,,,,,,,,,,GB51214,,,,,,,,,
,,,,,,,,,,GB45547,,,,,,,,,
,,,,,,,,,,GB43062,,,,,,,,,
,,,,,,,,,,GB52895,,,,,,,,,
,,,,,,,,,,GB51653,,,,,,,,,
,,,,,,,,,,GB48153,,,,,,,,,
,,,,,,,,,,GB45032,,,,,,,,,
,,,,,,,,,,GB44095,,,,,,,,,
,,,,,,,,,,GB46295,,,,,,,,,
,,,,,,,,,,GB49635,,,,,,,,,
,,,,,,,,,,GB45564,,,,,,,,,
,,,,,,,,,,GB45204,,,,,,,,,
,,,,,,,,,,GB49384,,,,,,,,,
,,,,,,,,,,GB48134,,,,,,,,,
,,,,,,,,,,GB55942,,,,,,,,,
,,,,,,,,,,GB42954,,,,,,,,,
,,,,,,,,,,GB50432,,,,,,,,,
,,,,,,,,,,GB53112,,,,,,,,,
,,,,,,,,,,GB48474,,,,,,,,,
,,,,,,,,,,GB47790,,,,,,,,,
,,,,,,,,,,GB48100,,,,,,,,,
,,,,,,,,,,GB44065,,,,,,,,,
,,,,,,,,,,GB45965,,,,,,,,,
,,,,,,,,,,GB53064,,,,,,,,,
,,,,,,,,,,GB50611,,,,,,,,,
,,,,,,,,,,GB53506,,,,,,,,,
,,,,,,,,,,GB51457,,,,,,,,,
,,,,,,,,,,GB44073,,,,,,,,,
,,,,,,,,,,GB46940,,,,,,,,,
,,,,,,,,,,GB41407,,,,,,,,,
,,,,,,,,,,GB45201,,,,,,,,,
,,,,,,,,,,GB42788,,,,,,,,,
,,,,,,,,,,GB47095,,,,,,,,,
,,,,,,,,,,GB47946,,,,,,,,,
,,,,,,,,,,GB43295,,,,,,,,,
,,,,,,,,,,GB52960,,,,,,,,,
,,,,,,,,,,GB48657,,,,,,,,,
,,,,,,,,,,GB54828,,,,,,,,,
,,,,,,,,,,GB42060,,,,,,,,,
,,,,,,,,,,GB47944,,,,,,,,,
,,,,,,,,,,GB44547,,,,,,,,,
,,,,,,,,,,GB51777,,,,,,,,,
,,,,,,,,,,GB54020,,,,,,,,,
,,,,,,,,,,GB42802,,,,,,,,,
,,,,,,,,,,GB45074,,,,,,,,,
,,,,,,,,,,GB47517,,,,,,,,,
,,,,,,,,,,GB44110,,,,,,,,,
,,,,,,,,,,GB48154,,,,,,,,,
,,,,,,,,,,GB51018,,,,,,,,,
,,,,,,,,,,GB47120,,,,,,,,,
,,,,,,,,,,GB45160,,,,,,,,,
,,,,,,,,,,GB54256,,,,,,,,,
,,,,,,,,,,GB52886,,,,,,,,,
,,,,,,,,,,GB41706,,,,,,,,,
,,,,,,,,,,GB51730,,,,,,,,,
,,,,,,,,,,GB40187,,,,,,,,,
,,,,,,,,,,GB44855,,,,,,,,,
,,,,,,,,,,GB50061,,,,,,,,,
,,,,,,,,,,GB54432,,,,,,,,,
,,,,,,,,,,GB43024,,,,,,,,,
,,,,,,,,,,GB45151,,,,,,,,,
,,,,,,,,,,GB40079,,,,,,,,,
,,,,,,,,,,GB41613,,,,,,,,,
,,,,,,,,,,GB47303,,,,,,,,,
,,,,,,,,,,GB54304,,,,,,,,,
,,,,,,,,,,GB48893,,,,,,,,,
,,,,,,,,,,GB48011,,,,,,,,,
,,,,,,,,,,GB51082,,,,,,,,,
,,,,,,,,,,GB40651,,,,,,,,,
,,,,,,,,,,GB44162,,,,,,,,,
,,,,,,,,,,GB45327,,,,,,,,,
,,,,,,,,,,GB43717,,,,,,,,,
,,,,,,,,,,GB48651,,,,,,,,,
,,,,,,,,,,GB55907,,,,,,,,,
,,,,,,,,,,GB52906,,,,,,,,,
,,,,,,,,,,GB46674,,,,,,,,,
,,,,,,,,,,GB42769,,,,,,,,,
,,,,,,,,,,GB46545,,,,,,,,,
,,,,,,,,,,GB42904,,,,,,,,,
,,,,,,,,,,GB50579,,,,,,,,,
,,,,,,,,,,GB51452,,,,,,,,,
,,,,,,,,,,GB48216,,,,,,,,,
,,,,,,,,,,GB50431,,,,,,,,,
,,,,,,,,,,GB56033,,,,,,,,,
,,,,,,,,,,GB47340,,,,,,,,,
,,,,,,,,,,GB41731,,,,,,,,,
,,,,,,,,,,GB50522,,,,,,,,,
,,,,,,,,,,GB52381,,,,,,,,,
,,,,,,,,,,GB49713,,,,,,,,,
,,,,,,,,,,GB51373,,,,,,,,,
,,,,,,,,,,GB48962,,,,,,,,,
,,,,,,,,,,GB50450,,,,,,,,,
,,,,,,,,,,GB55351,,,,,,,,,
,,,,,,,,,,GB52390,,,,,,,,,
,,,,,,,,,,GB42758,,,,,,,,,
,,,,,,,,,,GB45778,,,,,,,,,
,,,,,,,,,,GB45335,,,,,,,,,
,,,,,,,,,,GB48971,,,,,,,,,
,,,,,,,,,,GB43727,,,,,,,,,
,,,,,,,,,,GB51273,,,,,,,,,
,,,,,,,,,,GB46310,,,,,,,,,
,,,,,,,,,,GB47499,,,,,,,,,
,,,,,,,,,,GB55785,,,,,,,,,
,,,,,,,,,,GB48119,,,,,,,,,
,,,,,,,,,,GB41625,,,,,,,,,
,,,,,,,,,,GB45986,,,,,,,,,
,,,,,,,,,,GB52581,,,,,,,,,
,,,,,,,,,,GB43994,,,,,,,,,
,,,,,,,,,,GB44385,,,,,,,,,
,,,,,,,,,,GB42579,,,,,,,,,
,,,,,,,,,,GB45591,,,,,,,,,
,,,,,,,,,,GB46817,,,,,,,,,
,,,,,,,,,,GB55126,,,,,,,,,
,,,,,,,,,,GB44142,,,,,,,,,
,,,,,,,,,,GB51375,,,,,,,,,
,,,,,,,,,,GB42580,,,,,,,,,
,,,,,,,,,,GB51652,,,,,,,,,
,,,,,,,,,,GB45055,,,,,,,,,
,,,,,,,,,,GB46429,,,,,,,,,
,,,,,,,,,,GB55619,,,,,,,,,
,,,,,,,,,,GB44198,,,,,,,,,
,,,,,,,,,,GB53625,,,,,,,,,
,,,,,,,,,,GB40536,,,,,,,,,
,,,,,,,,,,GB43500,,,,,,,,,
,,,,,,,,,,GB55442,,,,,,,,,
,,,,,,,,,,GB50616,,,,,,,,,
,,,,,,,,,,GB54918,,,,,,,,,
,,,,,,,,,,GB53886,,,,,,,,,
,,,,,,,,,,GB54031,,,,,,,,,
,,,,,,,,,,GB47930,,,,,,,,,
,,,,,,,,,,GB44875,,,,,,,,,
,,,,,,,,,,GB51319,,,,,,,,,
,,,,,,,,,,GB54416,,,,,,,,,
,,,,,,,,,,GB53283,,,,,,,,,
,,,,,,,,,,GB42291,,,,,,,,,
,,,,,,,,,,GB42209,,,,,,,,,
,,,,,,,,,,GB45781,,,,,,,,,
,,,,,,,,,,GB55905,,,,,,,,,
,,,,,,,,,,GB40082,,,,,,,,,
,,,,,,,,,,GB54889,,,,,,,,,
,,,,,,,,,,GB47898,,,,,,,,,
,,,,,,,,,,GB48178,,,,,,,,,
,,,,,,,,,,GB41772,,,,,,,,,
,,,,,,,,,,GB46623,,,,,,,,,
,,,,,,,,,,GB50325,,,,,,,,,
,,,,,,,,,,GB48166,,,,,,,,,
,,,,,,,,,,GB52385,,,,,,,,,
,,,,,,,,,,GB42906,,,,,,,,,
,,,,,,,,,,GB44552,,,,,,,,,
,,,,,,,,,,GB43672,,,,,,,,,
,,,,,,,,,,GB42839,,,,,,,,,
,,,,,,,,,,GB55620,,,,,,,,,
,,,,,,,,,,GB54062,,,,,,,,,
,,,,,,,,,,GB52972,,,,,,,,,
,,,,,,,,,,GB52706,,,,,,,,,
,,,,,,,,,,GB50893,,,,,,,,,
,,,,,,,,,,GB47986,,,,,,,,,
,,,,,,,,,,GB55181,,,,,,,,,
,,,,,,,,,,GB54075,,,,,,,,,
,,,,,,,,,,GB51831,,,,,,,,,
,,,,,,,,,,GB43577,,,,,,,,,
,,,,,,,,,,GB52872,,,,,,,,,
,,,,,,,,,,GB43578,,,,,,,,,
,,,,,,,,,,GB42903,,,,,,,,,
,,,,,,,,,,GB52775,,,,,,,,,
,,,,,,,,,,GB47798,,,,,,,,,
,,,,,,,,,,GB55195,,,,,,,,,
,,,,,,,,,,GB55954,,,,,,,,,
,,,,,,,,,,GB43144,,,,,,,,,
,,,,,,,,,,GB55388,,,,,,,,,
,,,,,,,,,,GB51519,,,,,,,,,
,,,,,,,,,,GB48947,,,,,,,,,
,,,,,,,,,,GB48173,,,,,,,,,
,,,,,,,,,,GB54468,,,,,,,,,
,,,,,,,,,,GB42891,,,,,,,,,
,,,,,,,,,,GB51441,,,,,,,,,
,,,,,,,,,,GB48960,,,,,,,,,
,,,,,,,,,,GB49842,,,,,,,,,
,,,,,,,,,,GB45832,,,,,,,,,
,,,,,,,,,,GB54323,,,,,,,,,
,,,,,,,,,,GB42765,,,,,,,,,
,,,,,,,,,,GB44099,,,,,,,,,
,,,,,,,,,,GB47124,,,,,,,,,
,,,,,,,,,,GB42256,,,,,,,,,
,,,,,,,,,,GB47922,,,,,,,,,
,,,,,,,,,,GB43048,,,,,,,,,
,,,,,,,,,,GB47945,,,,,,,,,
,,,,,,,,,,GB55672,,,,,,,,,
,,,,,,,,,,GB44459,,,,,,,,,
,,,,,,,,,,GB41637,,,,,,,,,
,,,,,,,,,,GB44234,,,,,,,,,
,,,,,,,,,,GB48286,,,,,,,,,
,,,,,,,,,,GB53087,,,,,,,,,
,,,,,,,,,,GB45893,,,,,,,,,
,,,,,,,,,,GB47541,,,,,,,,,
,,,,,,,,,,GB43757,,,,,,,,,
,,,,,,,,,,GB47764,,,,,,,,,
,,,,,,,,,,GB52276,,,,,,,,,
,,,,,,,,,,GB40755,,,,,,,,,
,,,,,,,,,,GB49647,,,,,,,,,
,,,,,,,,,,GB40131,,,,,,,,,
,,,,,,,,,,GB50828,,,,,,,,,
,,,,,,,,,,GB54671,,,,,,,,,
,,,,,,,,,,GB50822,,,,,,,,,
,,,,,,,,,,GB41792,,,,,,,,,
,,,,,,,,,,GB42597,,,,,,,,,
,,,,,,,,,,GB52221,,,,,,,,,
,,,,,,,,,,GB52620,,,,,,,,,
,,,,,,,,,,GB48030,,,,,,,,,
,,,,,,,,,,GB52228,,,,,,,,,
,,,,,,,,,,GB53114,,,,,,,,,
,,,,,,,,,,GB55041,,,,,,,,,
,,,,,,,,,,GB47775,,,,,,,,,
,,,,,,,,,,GB46319,,,,,,,,,
,,,,,,,,,,GB44484,,,,,,,,,
,,,,,,,,,,GB52970,,,,,,,,,
,,,,,,,,,,GB43671,,,,,,,,,
,,,,,,,,,,GB50438,,,,,,,,,
,,,,,,,,,,GB40956,,,,,,,,,
,,,,,,,,,,GB53120,,,,,,,,,
,,,,,,,,,,GB48391,,,,,,,,,
,,,,,,,,,,GB53094,,,,,,,,,
,,,,,,,,,,GB48861,,,,,,,,,
,,,,,,,,,,GB47856,,,,,,,,,
,,,,,,,,,,GB50453,,,,,,,,,
,,,,,,,,,,GB55935,,,,,,,,,
,,,,,,,,,,GB54874,,,,,,,,,
,,,,,,,,,,GB46996,,,,,,,,,
,,,,,,,,,,GB43240,,,,,,,,,
,,,,,,,,,,GB52837,,,,,,,,,
,,,,,,,,,,GB53115,,,,,,,,,
,,,,,,,,,,GB42427,,,,,,,,,
,,,,,,,,,,GB49815,,,,,,,,,
,,,,,,,,,,GB43329,,,,,,,,,
,,,,,,,,,,GB54826,,,,,,,,,
,,,,,,,,,,GB56038,,,,,,,,,
,,,,,,,,,,GB51583,,,,,,,,,
,,,,,,,,,,GB50523,,,,,,,,,
,,,,,,,,,,GB50528,,,,,,,,,
,,,,,,,,,,GB50588,,,,,,,,,
,,,,,,,,,,GB55915,,,,,,,,,
